num , site
11 ,"http://pando.com/2014/02/25/revenge-of-the-nerds-how-tech-geeks-found-a-secret-weapon-in-their-fight-against-big-hollywood/"
3 ,"http://reinventors.net/roundtables/reinvent-government-procurement/#sthash.VM0qiNqe.uxfs"
0 ,"http://blog.makespace.com/posts/tim-oreilly-features-makespace-at-the-2014-solid-conference"
3 ,"http://reconnectingamerica.org/laequityatlas/index.php"
0 ,"http://www.theatlantic.com/features/archive/2014/09/why-i-hope-to-die-at-75/379329/?curator=MediaREDEF&utm_content=buffer7728c&utm_medium=social&utm_source=twitter.com&utm_campaign=buffer"
1002 ,"http://radar.oreilly.com/"
0 ,"https://www.facebook.com/photo.php?fbid=10153693595190611&set=a.10150288648675611.533974.718610610&type=1&theater&notif_t=like"
0 ,"http://app.nationalproduction.wgbh.org/e/es?s=2531&e=217949&elq=d3a9df845141467dae17b22b397d467b"
19 ,"https://www.aclu.org/blog/national-security-technology-and-liberty/edward-snowden-talk-privacy-tech-community-sxsw"
41 ,"http://techcrunch.com/2014/01/23/pch-acquires-shoplocket/"
18 ,"http://violentmetaphors.com/2014/03/25/parents-you-are-being-lied-to/"
5 ,"http://radar.oreilly.com/2014/03/podcast-thinking-with-data.html"
7 ,"http://www.theguardian.com/commentisfree/2014/feb/14/family-first-world-war-experiences-these-are-mine"
42 ,"http://www.oreilly.com/dataweek/"
0 ,"http://blog.peerj.com/post/75497385626/ask-me-anything-correcting-the-scientific-record"
0 ,"http://www.quora.com/What-did-Sundar-Pichai-do-that-his-peers-didnt-do-that-got-him-promoted-up-to-the-highest-ranks-at-Google"
0 ,"http://www.siliconrepublic.com/business/item/36808-google-makes-largest/"
6 ,"http://www.cbsnews.com/videos/new-technology-makes-customers-better-tippers/"
63 ,"http://www.brainpickings.org/index.php/2013/12/16/writers-wakeup-times-literary-productivity-visualization/"
18 ,"http://qz.com/206705/the-us-lawyer-bubble-has-conclusively-popped/"
52 ,"http://qpdf.sourceforge.net"
0 ,"https://blog.squareup.com/townsquare/posts/together-square-sellers-are-the-13th-largest-retailer-in-the-country"
0 ,"http://solidcon.com/solid2014/public/schedule/speakers?cmp=tw-na-confreg-home-sld14_solid_twitter_posts"
5 ,"http://blog.unglue.it/2014/04/30/thanks-for-ungluing-launches/"
7 ,"http://www.slate.com/articles/health_and_science/medical_examiner/2014/09/why_ebola_is_terrifying_and_dangerous_it_preys_on_family_caregiving_and.html"
5 ,"http://www.moore.org/programs/science/data-driven-discovery/ddd-investigators"
0 ,"https://medium.com/@mkramer/what-does-it-mean-to-be-a-member-of-a-public-media-station-and-what-could-it-mean-59b0d3c90204?utm_content=buffer8944d&utm_medium=social&utm_source=twitter.com&utm_campaign=buffer"
0 ,"http://www.virgin.com/richard-branson/the-who-joins-the-battle-for-drug-decriminalisation"
4 ,"http://www.parley.tv/thevortexproject#vortex1"
6 ,"http://www.scientificamerican.com/article/strange-but-true-cats-cannot-taste-sweets/"
30 ,"http://www.slideshare.net/timoreilly/government-for-the-people-by-the-people-in-the-21st-century"
142 ,"https://mayday.us/"
3 ,"http://solidcon.com/solid2014/public/schedule/list"
4 ,"http://radar.oreilly.com/2014/02/oobleck-security.html"
0 ,"http://2014.oshwa.org/2014/08/07/annual-open-hardware-ada-fellowship-call-is-open/"
3 ,"http://pando.com/2014/02/14/bulletproof-yourself-how-dave-asprey-is-teaching-valley-insiders-to-hack-their-biology/"
5 ,"http://www.sciencefriday.com/segment/01/24/2014/is-coding-the-language-of-the-digital-age.html"
3 ,"http://edge.org/conversation/whats-new-in-the-universe"
0 ,"http://www.brainpickings.org/2014/08/28/the-price-of-admission-dan-savage/?utm_content=buffer784b1&utm_medium=social&utm_source=twitter.com&utm_campaign=buffer"
0 ,"http://civicdesigncamp.org/"
1002 ,"http://www.whitehouse.gov/"
0 ,"http://www.vox.com/2014/9/18/6399999/childhood-mortality-map"
0 ,"http://fluentconf.com/fluent2014/public/content/exhibit-hall-only"
0 ,"http://www.thefiscaltimes.com/Columns/2014/03/02/Health-Care-Savings-Come-Unlikely-Places"
6 ,"http://blogs.reuters.com/felix-salmon/2014/04/25/the-piketty-pessimist/"
5 ,"http://www.vox.com/2014/5/8/5669120/how-the-us-stopped-its-fisheries-from-collapsing"
4 ,"http://www.cnn.com/2014/02/20/opinion/schneier-nsa-too-big/index.html?hpt=hp_t4"
4 ,"http://www.theatlantic.com/politics/archive/2014/02/tom-perkins-has-a-fascinating-radical-un-american-voting-plan/283846/"
9 ,"http://www.newrepublic.com/article/117691/aids-hit-united-states-harder-other-developed-countries-why"
56 ,"http://www.theverge.com/2014/8/26/6067663/this-is-ubers-playbook-for-sabotaging-lyft"
0 ,"https://medium.com:443/@davidjbland/code-for-america-goes-lean-d0eb0562a7b5"
0 ,"https://plus.google.com/+TimOReilly/posts/hRBFnbMJvRd"
3 ,"https://twitter.com/ProfJeffJarvis/status/499203310189289473"
0 ,"http://www.codeforamerica.org/blog/2013/10/01/recordtrac-easy-access-to-public-records/"
0 ,"https://medium.com/@vijayssundaram/autonomous-experiences-52f612c2502d"
3 ,"http://www.electronista.com/articles/14/09/18/missing.language.suggests.apple.has.received.patriot.act.request/"
8 ,"http://www.businessweek.com/articles/2014-03-13/gopro-nears-ipo-as-hybrid-media-company-videocam-maker"
9 ,"http://www.medscape.com/viewarticle/827675"
88 ,"http://www.theverge.com/2014/5/1/5666062/foursquare-swarm-new-app"
3 ,"http://solidcon.com/solid2014/public/schedule/detail/33691"
5 ,"https://github.com/NelsonMinar/vector-river-map"
0 ,"http://cpm.convio.net/site/TR?px=1002992&fr_id=1040&pg=personal"
4 ,"http://continuations.com/post/75478096993/stop-tpp-fast-track-at-least-modify-it#_=_"
0 ,"http://pastebin.com/raw.php?i=n1qTeikM"
5 ,"http://www.petrkeil.com/?p=2104"
0 ,"http://solidcon.com/solid2014/public/content/tweet-chat?cmp=tw-na-confreg-home-sld14_solid_twitter_posts"
0 ,"http://josephsmarr.com/2014/09/02/we-still-need-plaxo/"
0 ,"http://www.washingtonpost.com/blogs/wonkblog/wp/2014/04/16/states-embracing-obamacare-are-doing-a-better-job-of-covering-the-uninsured-surveys-show/?Post+generic=%3Ftid%3Dsm_twitter_washingtonpost"
162 ,"https://www.etsy.com/careers"
18 ,"https://stopthesecrecy.net/"
17 ,"http://www.economist.com/news/united-states/21614225-bright-foreigners-study-america-shame-they-cant-stay-coming-and-going"
0 ,"http://explore.noodle.com/post/97731214878/use-your-ability-to-slow-read-or-lose-your?utm_content=buffer03cd5&utm_medium=social&utm_source=twitter.com&utm_campaign=buffer"
0 ,"http://shop.oreilly.com/category/deals/day-against-drm.do?code=DRM2014"
8 ,"https://www.youtube.com/watch?v=nE9mrztIJPU"
5 ,"http://beautifuldata.net/2014/03/datalicious-notebookmania-my-favorite-7-ipython-notebooks/"
0 ,"http://www.freeenterprise.com/five-tech-startups-make-cities-lot-smarter?utm_source=Twitter&utm_medium=Wallpost&utm_campaign=Status"
0 ,"http://www.washingtonpost.com/national/health-science/new-therapies-raise-hope-for-a-breakthrough-in-tackling-cancer/2014/02/14/b4f8e4fc-8dad-11e3-95dd-36ff657a4dae_story.html"
0 ,"http://fluentconf.com/fluent2014/public/content/exhibit-hall-only?cmp=tw-prog-confreg-info-fl14_tweet_general"
0 ,"http://www.oreilly.com/biocoder/?cmp=tw-prog-books-videos-product-pr_biocoder_3"
0 ,"https://plus.google.com/+TimOReilly/posts/AYj8zdQkjFD"
10 ,"http://www.ed.gov/connected"
0 ,"http://ow.ly/i/6AFKr"
0 ,"http://shop.oreilly.com/product/0636920035640.do?code=WKIOS8&cmp=tw-prog-books-videos-product-promo_swift_pocket_reference"
0 ,"http://shop.oreilly.com/product/0636920013334.do?code=VDWK&cmp=tw-na-books-videos-product-dow_great_bash"
4 ,"http://www.bloomberg.com/news/2013-01-16/davos-collage-spoofs-old-boy-conclave-women-deficit-at-forum.html"
0 ,"http://synbiobeta.com/synthetic-biology-investors-lament-jenny-rooke/"
34 ,"http://www.citylab.com/tech/2014/04/first-look-how-googles-self-driving-car-handles-city-streets/8977/"
32 ,"http://techcrunch.com/2014/07/28/uber-for-business/"
0 ,"https://www.yahoo.com/tech/how-apples-jony-ive-became-the-worlds-most-important-97137570699.html?src=rss"
0 ,"http://panelpicker.sxsw.com/vote/34931"
0 ,"http://www.vox.com/2014/9/18/6111457/example-good-police-relations-cops-killing-outreach-culture-training"
0 ,"http://techbus.safaribooksonline.com/9780133852653/Lesson_1_1?cid=shareLink"
3 ,"http://www.washingtonpost.com/blogs/the-fix/wp/2014/09/10/andrew-cuomo-spent-almost-40-times-as-much-for-his-votes-as-zephyr-teachout/"
4 ,"http://petewarden.com/2014/02/24/writing-code-is-not-most-programmers-primary-task/"
8 ,"http://www.mckinsey.com/insights/business_technology/open_data_unlocking_innovation_and_performance_with_liquid_information?cid=other-eml-alt-mgi-mck-oth-2910"
0 ,"https://www.youtube.com/watch?v=e_uEnZcUqp0"
0 ,"http://www.washingtonpost.com/blogs/the-fix/wp/2014/02/19/you-might-not-like-big-cities-but-you-need-them/"
0 ,"http://petitions.moveon.org/sign/its-time-for-trade-policies?source=s.icn.tw&r_by=487986"
0 ,"http://www.oreilly.com/pub/e/3176?cmp=tw-strata-webcast-lp-stny14_3176"
3 ,"http://solidcon.com/solid2014/public/schedule/detail/33184"
0 ,"https://www.youtube.com/watch?v=0qCAepmBJuU&feature=youtu.be&a"
0 ,"http://a-tale-of-two-islands.tumblr.com/"
8 ,"http://www.vox.com/2014/3/30/5555690/welcome-to-vox"
104 ,"http://online.wsj.com/articles/andy-kessler-high-frequency-trading-needs-one-quick-fix-1402869253"
0 ,"http://www.pnas.org/content/111/36/12998.abstract"
3 ,"http://www.codeforamerica.org/blog/2014/06/10/theres-no-place-like-home/"
3 ,"http://challengecup.1776dc.com/news/announcing-the-challenge-festival-startup-government-day/"
3 ,"http://radar.oreilly.com/2014/08/safari-acquisition.html"
0 ,"http://strataconf.com/strata2014/public/schedule/topic/1069?cmp=tw-strata-confreg-home-stsc14_twitter_posts"
95 ,"http://money.cnn.com/data/fear-and-greed/"
14 ,"http://cityofphiladelphia.wordpress.com/2014/05/06/mayor-nutter-signs-executive-order-raising-minimum-wage-for-city-contractors/"
3 ,"http://www.vox.com/2014/9/9/6121503/obama-isis-speech-honest"
0 ,"http://www.youtube.com/watch?v=KK0HOIqOcHw&feature=youtube_gdata"
0 ,"http://www.normative.com/deep-convergence-networks-software-people/"
11 ,"http://makezine.com/2014/04/29/makercon-makers-are-the-new-explorers-of-the-universe/"
85 ,"http://thinkprogress.org/health/2014/01/16/3172071/jimmy-carter-guinea-worm/"
4 ,"http://www.brookings.edu/research/interactives/2014/billionaires-us-political-power-index"
3 ,"https://www.indiegogo.com/projects/give-a-struggling-young-man-a-new-lease-at-life"
5 ,"http://calnewport.com/blog/2014/04/20/richard-feynman-didnt-win-a-nobel-by-responding-promptly-to-e-mails/"
0 ,"http://shop.oreilly.com/product/0636920030393.do?cmp=tw-na-books-videos-product-dow_weekly_deal_tweet&code=VDWK"
0 ,"http://shop.oreilly.com/product/mobile/9780596007836.do"
33 ,"http://www.treehugger.com/slideshows/ocean-conservation/10-marine-species-brink-mass-extinction-due-ocean-acidification/"
0 ,"https://blog.wikimedia.org.uk/2014/03/publishing-scholarly-papers-with-and-on-wikipedia/"
0 ,"http://www.eetimes.com/author.asp?section_id=36&doc_id=1322419&_mc=sm_eet_edit"
0 ,"http://strataconf.com/stratany2014/public/cfp/345"
0 ,"http://edge.org/conversation/the-universe%E2%80%94on-sale-now"
4 ,"http://buytaert.net/acquia-retrospective-2013"
0 ,"https://www.youtube.com/watch?v=DAYPlLzTCA0"
4 ,"http://truth-out.org/news/item/21330-dean-baker-the-trans-pacific-partnership-warnings-from-nafta"
4 ,"http://fortune.com/2014/09/12/how-third-world-tech-can-help-the-u-s/"
0 ,"http://billhiggins.us/blog/2014/03/16/architects/"
6 ,"http://www.rollingstone.com/music/news/hear-neil-youngs-only-love-can-break-your-heart-from-csny-1974-20140701"
5 ,"http://www.iranhumanrights.org/2014/08/makarem-internet/"
0 ,"http://techcrunch.com/2014/09/19/patient-access-and-control-the-future-of-chronic-disease-management/?ncid=rss&utm_source=feedburner&utm_medium=feed&utm_campaign=Feed%3A+Techcrunch+%28TechCrunch%29"
0 ,"http://solveforinteresting.com/we-didnt-lay-a-hand-on-him/"
0 ,"http://radar.oreilly.com/2014/03/malignant-computation.html?utm_source=feedburner&utm_medium=email&utm_campaign=Feed:+oreilly/radar/atom+(O'Reilly+Radar"
0 ,"http://www.washingtonpost.com/lifestyle/style/unmanned-future-drones-to-clean-your-gutter-tend-to-crops-and-take-aerial-selfies/2014/03/24/75e1d1f4-b376-11e3-8cb6-284052554d74_story.html"
0 ,"https://plus.google.com/+TimOReilly/posts/giWjXZPsrbe"
6 ,"http://betaboston.com/news/2014/03/04/as-white-house-kicks-off-federal-privacy-review-at-mit-officials-have-little-to-offer/"
5 ,"http://www.analystone.com/watch-authorspeaker-geoffrey-moore-of-crossing-the-chasm-on-big-data/"
0 ,"http://www.webperfdays.org/events/2014-siliconvalley/index.html"
41 ,"https://medium.com/message/ferguson-is-also-a-net-neutrality-issue-6d2f3db51eb0"
7 ,"http://techcrunch.com/2014/09/13/twitters-huge-mistake/"
0 ,"https://plus.google.com/+TimOReilly/posts/7ZeN8fzcq8G"
6 ,"https://medium.com/@xor/houston-we-have-a-public-domain-problem-bd971c57dfdc"
36 ,"http://www.nationaljournal.com/congress/congress-quietly-deletes-a-key-disclosure-of-free-trips-lawmakers-take-20140630"
3 ,"http://sxsw.com/interactive/news/2014/2014-sxsw-interactive-session-spotlight-its-not-about-tech-%E2%80%93-hack-bureaucracy"
6 ,"http://nickgrossman.is/post/85523861949/fccs-response-to-the-vc-open-internet-letter"
3 ,"http://www.codeforamerica.org/blog/2014/09/15/govtech-fund-launch/"
0 ,"http://www.planetary.org/blogs/emily-lakdawalla/2014/07220754-curiosity-womens-day.html"
8 ,"http://blog.peerj.com/post/67476390580/free-publications-in-peerj"
3 ,"http://radar.oreilly.com/2014/05/whats-a-tech-company-anyway.html"
0 ,"http://www.oreillyschool.com/individual-courses/data-structures-algorithms/?imm_mid=0b7d95&cmp=em-ost-schoolreg-info-crs_java6_new_course_optin_lc"
0 ,"http://www.rawstory.com/rs/2014/07/who-gets-shot-in-america/"
0 ,"https://kfevents.webex.com/cmp0401l/webcomponents/widget/detect.do?siteurl=kfevents&LID=1&RID=2&TID=11&backUrl=%2Fmw0401l%2Fmywebex%2Fdefault.do%3Fnomenu%3Dtrue%26siteurl%3Dkfevents%26service%3D6%26rnd%3D0.25192660707422776%26main_url%3Dhttps%3A%2F%2Fkfevents.webex.com%2Fec0701l%2Feventcenter%2Fevent%2FeventAction.do%253FtheAction%253Ddetail%2526confViewID%253D1005191723%2526%2526email%253Dcook%252540knightfoundation.org%2526encryptTicket%253Dbccb931cf4048fcedff61e3078583de2%2526%2526siteurl%253Dkfevents"
3 ,"http://nymag.com/daily/intelligencer/2014/07/why-robot-journalism-is-great-for-journalists.html?mid=twitter_nymag"
10 ,"http://recode.net/2014/03/20/netflix-says-it-really-didnt-want-to-cut-that-traffic-deal-with-comcast/"
5 ,"http://radar.oreilly.com/2014/01/lessons-learned-from-my-time-at-the-cfpb.html"
61 ,"http://www.pewinternet.org/2014/08/26/social-media-and-the-spiral-of-silence/"
3 ,"http://solidcon.com/solid2014/public/schedule/full/public"
3 ,"http://www.fiercehealthit.com/story/hhs-rule-change-improves-patient-access-lab-results/2014-02-03"
3 ,"http://venturebeat.com/2014/06/24/tim-oreilly-wants-tech-heroes-to-change-government-interview/view-all/"
0 ,"http://solidcon.com/solid2014/public/schedule/list?cmp=tw-na-confreg-home-sld14_solid_twitter_posts"
15 ,"https://www.mongodb.com/mongodb-world-splash"
12 ,"http://www.forbes.com/sites/adamhartung/2014/09/05/obama-outperforms-reagan-on-jobs-growth-and-investing/"
4 ,"http://mattstoller.tumblr.com/post/82233202309/ubers-algorithmic-monopoly-we-are-not-setting-the#notes"
14 ,"http://boingboing.net/2014/06/29/internets-own-boy-free-cc-l.html"
0 ,"https://openideo.com/challenge/womens-safety/research?order=COMMENTS&direction=DESC"
41 ,"http://www.brck.com/"
0 ,"http://my.safaribooksonline.com/9781491900321?cid=201404-twitter-strata-video-social"
4 ,"http://trendsmap.com/v2/Lf62/w"
0 ,"http://radar.oreilly.com/2014/09/innovation-requires-a-new-mind-set-the-oreilly-radar-podcast.html#more-70467"
11 ,"http://www.dailymail.co.uk/news/article-2592725/Memorising-Bible-drinking-50-cups-coffee-day-From-Darwin-Dickens-historys-biggest-thinkers-spent-days.html"
18 ,"https://www.kickstarter.com/projects/227461008/gi-bike-the-light-full-size-electric-folding-bike"
0 ,"http://blog.bosch-si.com/categories/business-models/2014/05/green-bananas-and-the-internet-of-things/"
0 ,"http://www.brainpickings.org/2013/05/20/bill-watterson-1990-kenyon-speech/?utm_content=buffer64e1d&utm_medium=social&utm_source=twitter.com&utm_campaign=buffer"
4 ,"http://content.stamen.com/surging-seas-ca"
5 ,"http://beta.slashdot.org/story/206085"
0 ,"http://theweek.com/article/index/255987/america-is-headed-for-an-economic-golden-age-mdash-and-that-should-terrify-us?utm_source=links&utm_medium=website&utm_campaign=twitter"
9 ,"http://www.thenation.com/article/181337/anatomy-fergusons-police-riot"
0 ,"http://techcrunch.com/2014/02/27/netflix-fitbit-hack/?ncid=twittersocialshare"
19 ,"http://www.forbes.com/sites/parmyolson/2013/10/22/how-chinas-xiaomi-does-in-a-week-what-apple-does-in-a-year-update-devices/"
8 ,"http://www.theguardian.com/politics/2014/sep/15/bob-geldof-scottish-voters-not-break-up-family"
3 ,"http://boingboing.net/2014/08/25/usb-condom-charge-your-device.html"
6 ,"http://www.oscon.com/oscon2014/public/schedule/detail/35847?cmp=tw-prog-confreg-info-os14_tweet_general"
0 ,"http://shop.oreilly.com/product/0636920028444.do?cmp=tw-na-books-videos-product-dod_daily_tweet&code=DEAL"
6 ,"http://pando.com/2014/09/08/breaking-new-wage-theft-lawsuit-filed-against-hollywood-giants-as-techtopus-scandal-grows/"
3 ,"http://radar.oreilly.com/2014/02/i-cyborg.html"
0 ,"http://us2.campaign-archive1.com/?u=d9acf2a4c694efbd76a48936f&id=797c0bb4b5&e=f4530c45aa"
0 ,"http://shop.oreilly.com/product/0636920032281.do?cmp=tw-na-books-videos-product-dod_daily_tweet&code=DEAL"
0 ,"http://www.emercoleman.com/blog/the-city-as-a-platform-stripping-out-complexity-and-making-things-happen"
12 ,"http://velocityconf.com/velocity2014"
0 ,"http://www.youtube.com/watch?v=q8wBlqRh-Ek"
8 ,"http://radar.oreilly.com/2013/11/software-hardware-everywhere.html"
3 ,"http://www.computing.co.uk/ctg/news/2347412/estonian-plan-for-data-embassies-overseas-to-back-up-government-databases"
4 ,"http://tech.co/tim-oreilly-ama-2-2014-04#.U1evLU_4-wk.twitter"
3 ,"http://nextcity.org/daily/entry/project-for-lean-urbanism-congress-for-the-new-urbanism-andres-duany"
23 ,"http://pressurenet.io/"
0 ,"https://www.swarmapp.com/timoreilly/checkin/53a25a1d498ef25435af690b?s=rFCofis72FFRy8HezqQr2RMhafY&ref=tw"
17 ,"http://regressing.deadspin.com/everything-you-know-about-cramps-is-wrong-and-gatorade-1587102837"
7 ,"http://mattvukas.com/2014/02/10/comcast-definitely-throttling-netflix-infuriating/"
0 ,"http://www.aspeninstitute.org/about/blog/without-federal-support-cities-step?utm_source=as.pn&utm_medium=urlshortener"
38 ,"http://www.npr.org/blogs/money/2014/08/27/343415569/whos-in-the-office-the-american-workday-in-one-graph"
0 ,"http://radar.oreilly.com/2014/03/the-web-is-eating-software.html"
39 ,"http://www.oreillynet.com/pub/a/oreilly/tim/articles/favebooks_0705.html"
0 ,"http://theweek.com/article/index/256159/the-gops-lame-attempt-to-blame-obama-for-the-failure-of-immigration-reform?utm_source=links&utm_medium=website&utm_campaign=twitter"
3 ,"http://radar.oreilly.com/2014/05/who-holds-your-keys.html"
0 ,"https://plus.google.com/+TimOReilly/posts/4LCT9sjy3Hx"
0 ,"http://velocityconf.com/velocityny2014/public/schedule/detail/37891?cmp=mp-velocity-confreg-home-vlny14_media_partner_tweets"
0 ,"http://www.vox.com/2014/8/28/6074177/coffee-naps-caffeine-science?utm_medium=social&utm_source=twitter&utm_campaign=voxdotcom&utm_content=thursday"
328 ,"http://online.wsj.com/news/articles/SB10001424052702304360704579419150649284412"
0 ,"http://shop.oreilly.com/product/0636920028840.do?cmp=tw-prog-books-videos-product-pr_make_basic_arduino_projects"
0 ,"https://www.swarmapp.com/timoreilly/checkin/53de97dc498e3a0060ecda36?s=uOpzfXzqIu-aCB57-IZWWvicWEI&ref=tw"
0 ,"http://shop.oreilly.com/product/0636920027089.do?cmp=tw-na-books-videos-product-dod_daily_tweet&code=DEAL"
0 ,"http://ilp.mit.edu/conference.jsp?confid=93&tabname=agenda"
5 ,"https://www.planet.com/gallery/"
0 ,"http://www.oreilly.com/webops-perf/free/building-devops-culture.csp"
0 ,"http://shop.oreilly.com/category/deals/5star-owo.do?code=WK5STARS&cmp=tw-na-books-videos-lp-promo_5_star_ebooks"
13 ,"http://motherboard.vice.com/read/if-we-release-a-small-fraction-of-arctic-carbon-were-fucked-climatologist"
0 ,"https://www.linkedin.com/today/post/article/20140325160616-16553--they-have-no-use-for-someone-who-looks-and-dresses-like-me?trk=eml-ced-b-art-M-0&midToken=AQHHy9b_jZx3Cw&ut=1Qc5PziQGF-C81"
0 ,"http://strataconf.com/stratany2014?cmp=tw-strata-confpro-home-stny14_twitter_posts"
3 ,"http://www.technologyreview.com/news/527836/thermal-camera-turns-many-things-into-interactive-surfaces/"
0 ,"http://radar.oreilly.com/2014/09/inside-solid-who-will-build-the-god-platform-for-the-internet-of-things.html?cmp=tw-radar-na-article-na_70819"
3 ,"http://truth-out.org/news/item/22315-discipline-with-dignity-oakland-classrooms-try-healing-instead-of-punishment"
0 ,"http://makezine.com/2014/09/15/orlandos-maker-magic/"
7 ,"http://strataconf.com/strata2014/public/content/video"
16 ,"http://www.streetcredsoftware.com/"
0 ,"http://ebooks.capgemini-consulting.com/digital-transformation-review-6/#/70"
37 ,"http://www.entrepreneur.com/article/233214"
19 ,"http://www.fastcompany.com/44917/he-struck-gold-net-really"
7 ,"http://blogmaverick.com/2014/04/03/the-idiots-guide-to-high-frequency-trading/"
0 ,"http://www.publishersweekly.com/pw/by-topic/industry-news/bea/article/62577-bea-2014-why-drm-is-the-problem.html#path/pw/by-topic/industry-news/bea/article/62577-bea-2014-why-drm-is-the-problem.html"
65 ,"https://www.learnsprout.com/"
35 ,"https://medium.com/message/what-is-public-f33b16d780f9"
5 ,"http://www.newyorker.com/currency-tag/why-jill-abramson-was-fired"
4 ,"http://www.amazon.com/Lincoln-Gettysburg-America-Schuster-Library-ebook/dp/B00AK78PH8/"
9 ,"http://www.health2con.com/hxr/"
0 ,"https://plus.google.com/events/c8uda7co4m1vodfuu63qlrmmfbg"
0 ,"http://shop.oreilly.com/product/0636920026488.do?cmp=tw-na-books-videos-product-dod_daily_tweet&code=DEAL"
0 ,"http://strataconf.com/strata2014/public/schedule/speaker/106872?cmp=tw-strata-confreg-home-stsc14_twitter_posts"
0 ,"http://velocityconf.com/velocityeu2014?cmp=js-tw-velocity-confreg-home-vleu14_reg"
41 ,"http://aco.nato.int/new-satellite-imagery-exposes-russian-combat-troops-inside-ukraine.aspx"
0 ,"http://cxo.dialogue.cao.gov/"
0 ,"http://www.vox.com/2014/7/24/5931565/map-the-happiest-places-in-america?utm_medium=social&utm_source=Twitter&utm_campaign=voxdotcom&utm_content=Saturday"
0 ,"http://shop.oreilly.com/category/deals/best-of-oreilly-dotd.do?cmp=tw-na-books-videos-lp-dod_daily_tweet&code=DEAL"
0 ,"http://timehop.com/c/dkp:228577748:4e40d"
3 ,"http://radar.oreilly.com/2014/03/wearables-and-the-immediacy-of-communication.html#more-59288"
6 ,"https://www.youtube.com/watch?v=ZFTUPoeup4M"
14 ,"http://venturebeat.com/2014/01/28/can-tech-innovation-curb-gun-violence-smart-tech-posing-4-million-dollar-challenges-to-find-out/"
0 ,"http://www.theguardian.com/technology/2014/mar/08/maker-faire-olympic-park-london?CMP=twt_gu"
0 ,"http://shop.oreilly.com/category/early-release.do?code=WKEARLSE&cmp=tw-na-books-videos-info-promo_early_release_ebooks"
3 ,"http://www.theguardian.com/society/2014/feb/21/nhs-plan-share-medical-data-save-lives?CMP=twt_fd"
83 ,"http://indiewebcamp.com/"
0 ,"http://www.bloggerfather.com/2014/06/cancer.html?m=1"
3 ,"http://www.techrepublic.com/article/how-open-climate-data-can-improve-community-resilience-against-climate-change/"
3 ,"http://www.washingtonpost.com/blogs/the-switch/wp/2014/09/15/a-23-million-venture-fund-for-the-government-tech-set/"
24 ,"https://archive.org/details/TheInternetsOwnBoyTheStoryOfAaronSwartz"
3 ,"http://radar.oreilly.com/2014/03/reflections-on-eric-raymonds-myth-of-the-fall.html"
0 ,"http://www.brainpickings.org/2013/11/11/lou-reed-anthony-decurtis-interview/?utm_content=buffere0efe&utm_medium=social&utm_source=twitter.com&utm_campaign=buffer"
0 ,"https://plus.google.com/+TimOReilly/posts/c1f9KVXsivD"
13 ,"http://velocityconf.com/velocityny2014"
27 ,"http://makezine.com/2014/02/22/hangout-with-tim-oreilly-and-kevin-kelly-talking-about-makers-and-cool-tools/"
7 ,"http://www.theguardian.com/science/neurophilosophy/2014/may/04/retina-motion-detection-crowdsourced"
0 ,"http://www.washingtonpost.com/blogs/wonkblog/wp/2013/02/23/steven-brills-26000-word-health-care-story-in-one-sentence/"
0 ,"http://www.youtube.com/watch?v=zhUEvsq1xOo&feature=youtu.be"
0 ,"http://www.fastcoexist.com/3033971/now-cities-and-states-can-get-involved-in-the-sharing-economy-instead-of-just-slowing-it-dow"
0 ,"http://www.trivedigaurav.com/blog/quoc-les-lectures-on-deep-learning/?owa_referral=pitt&owa_source=~gtrivedi/blog/quoc-les-lectures-on-deep-learning/"
3 ,"https://sciencehack.synbiota.com/"
0 ,"http://shop.oreilly.com/product/110000131.do?cmp=tw-na-books-videos-product-dow_weekly_deal_tweet&code=VDWK"
6 ,"http://www.theatlantic.com/technology/archive/2014/01/the-illusion-that-makes-it-sound-like-a-pitch-is-constantly-rising/283417/"
901 ,"https://www.edx.org/"
0 ,"http://shop.oreilly.com/category/deals/forensics.do?code=WKFRNS&cmp=tw-na-books-videos-lp-promo_20140806_forensics_owo"
0 ,"https://plus.google.com/+TimOReilly/posts/4qHJZJU6Dtb"
27 ,"http://www.theguardian.com/membership/2014/sep/10/-sp-guardian-editor-alan-rusbridger-welcome-to-guardian-membership"
0 ,"http://solidcon.com/solid2014/public/schedule/stype/689"
0 ,"http://strataconf.com/strata2014/public/content/hardcore-data-science?cmp=tw-strata-confreg-home-stsc14_twitter_posts"
10 ,"http://www.citylab.com/commute/2014/07/how-parking-spaces-are-eating-our-cities-alive/374413/"
0 ,"http://www.oreilly.com/pub/e/3086?cmp=js-tw-strata-webcast-3086"
0 ,"http://cafodpolicy.wordpress.com/2014/09/10/welcome-to-the-data-revolution-group-but-driven-by-people/"
31 ,"http://makernurse.org/"
0 ,"https://www.linkedin.com/today/post/article/20140325160616-16553--they-have-no-use-for-someone-who-looks-and-dresses-like-me"
0 ,"http://scholarlykitchen.sspnet.org/2014/07/23/qa-with-sages-david-ross-about-peerj-investment/?utm_source=feedburner&utm_medium=email&utm_campaign=Feed%3A+ScholarlyKitchen+%28The+Scholarly+Kitchen%29"
6 ,"http://pando.com/2014/04/09/will-the-decline-of-the-mobile-web-hurt-innovation/"
0 ,"https://medium.com/the-backer-army/fighting-poverty-with-code-d1ed3ebd982d?source=tw-504c7870fdb6-1405105789162&utm_source=TwitterAccount&utm_medium=Twitter&utm_campaign=TwitterAccount"
11 ,"http://www.huffingtonpost.com/2014/01/09/trans-pacific-partnership-obama-boehner_n_4570837.html"
0 ,"https://medium.com/@lippytak/people-not-data-47434acb50a8"
12 ,"http://www.shirky.com/weblog/2014/01/there-isnt-enough-money-to-keep-educating-adults-the-way-were-doing-it/"
0 ,"http://www.eventbrite.com/e/tim-oreilly-and-jim-stogdill-explore-software-hardware-everywhere-tickets-10738718797?aff=twitter"
6 ,"http://nymag.com/daily/intelligencer/2014/06/obama-has-now-fulfilled-his-4-big-promises.html"
0 ,"http://www.youtube.com/watch?v=O2iAjG87C1Y&feature=youtu.be"
0 ,"http://shop.oreilly.com/category/deals/science.do?code=DEAL"
0 ,"https://www.youtube.com/watch?v=DbplLXRQquI"
21 ,"http://www.simonsfoundation.org/quanta/20140122-a-new-physics-theory-of-life/"
3 ,"http://www.badvoltage.org/2014/03/13/1x11/"
0 ,"http://www.oreilly.com/pub/e/3008?cmp=tw-prog-webcast-info-webcast_prog_tweet"
13 ,"http://www.washingtonpost.com/posteverything/wp/2014/08/19/im-a-cop-if-you-dont-want-to-get-hurt-dont-challenge-me/"
25 ,"http://gizmodo.com/quirkys-new-a-c-unit-smartens-up-your-dumbest-energy-h-1546937658"
0 ,"https://www.swarmapp.com/timoreilly/checkin/53724da0498e0350ca9e02b0?s=3gk3oCM78-cPHGhTV5WyYnY5YF4&ref=tw"
6 ,"http://www.thewire.com/national/2012/10/chart-says-war-drugs-isnt-working/57913/"
5 ,"http://radar.oreilly.com/2014/04/ioth-the-internet-of-things-and-humans.html"
9 ,"http://www.theatlantic.com/politics/archive/2014/06/campaign-finance-reform-has-to-be-cross-partisan/372983/"
51 ,"http://www.bbc.com/news/magazine-26969150"
12 ,"http://www.hollywoodreporter.com/news/fault-stars-author-john-green-699388"
0 ,"http://my.safaribooksonline.com/video/web-development/9781491900420?cid=201404-twitter-fluent-video-social"
0 ,"http://shop.oreilly.com/product/0636920030553.do?cmp=tw-na-books-videos-product-dow_weekly_deal_tweet&code=VDWK"
7 ,"http://www.politifact.com/truth-o-meter/statements/2014/mar/27/alison-lundergan-grimes/does-mitch-mcconnell-receive-more-money-lobbyists-/"
0 ,"http://tv.slashdot.org/video/?embed=Y5bGxwbzqtnf5J5x_nj0fXHENVKXf51T"
8 ,"http://www.gatesnotes.com/Books/Making-the-Modern-World?WT.mc_id=06_13_2014_smilc_tw&WT.tsrc=Twitter"
0 ,"http://store-locator.barnesandnoble.com/event/82720"
39 ,"http://www.macrumors.com/2014/01/30/apple-iwatch-masimo/"
89 ,"http://wordspy.com/words/anecdata.asp"
13 ,"http://online.wsj.com/news/articles/SB120425355065601997"
0 ,"http://www.dailykos.com/story/2014/03/26/1287511/-KFF-poll-Keep-Obamacare-fix-it-and-shut-up-about-nbspit?detail=email"
0 ,"http://www.webofthings.org/2014/04/28/what-are-the-key-drivers-of-the-iot-movement-why-now/"
3 ,"http://amandapalmer.net/blog/20140602/"
4 ,"http://www.zephoria.org/thoughts/archives/2014/09/01/what-is-privacy.html"
0 ,"http://radar.oreilly.com/2014/07/podcast-design-for-how-the-world-should-work.html?cmp=js-tw-radar-blog-1406218259"
3 ,"http://www.washingtonpost.com/blogs/the-switch/wp/2014/08/25/how-the-u-s-digital-service-could-upset-d-c-s-it-vendor-ecosystem/"
4 ,"http://womanstats.org/substatics/Governmental%20Participation%20by%20Women_2010tif_wmlogo3.png"
0 ,"http://www.youtube.com/watch?v=PmSUeHiEEks&feature=youtu.be&t=5m5s"
0 ,"https://kfevents.webex.com/kfevents/onstage/g.php?MTID=e476a14941d35e0a42eb47b8fc2907ae3"
39 ,"http://www.bbc.co.uk/news/world-europe-27388289"
0 ,"https://hhs.adobeconnect.com/_a1020204752/hhs-ignite"
3 ,"http://diydrones.com/profiles/blogs/dronecon-recap-vid-daniel-mckinnon-what-do-farmers-really-want"
13 ,"http://qz.com/223742/there-is-a-secret-ingredient-in-your-burgers-wood-pulp/"
68 ,"http://www.cnu.org/liveworkwalk"
3 ,"http://www.youtube.com/playlist?list=PL055Epbe6d5YX_cD2IDr4dK9Da0Vh6YgI"
0 ,"http://grist.org/politics/obama-has-a-good-transportation-plan-now-we-just-need-to-raise-the-gas-tax-so-he-can-pay-for-it/?utm_source=twitter&utm_medium=tweet&utm_campaign=socialflow"
3 ,"http://awards.designforexperience.com/gallery/2013/public-sector-experience/joel-mahoney-objective-subject"
117 ,"http://velocityconf.com/"
8 ,"http://www.telegraph.co.uk/culture/film/10816014/Hayao-Miyazaki-interview-I-think-the-peaceful-time-that-we-are-living-in-is-coming-to-an-end.html"
0 ,"http://www.spaceref.com/news/viewpr.html?pid=42977"
4 ,"http://www.forbes.com/sites/sarahmckinney/2014/02/01/the-future-of-political-engagement-is-here-and-its-called-popvox/"
0 ,"https://medium.com/@sunils34/the-cronjob-that-generates-4-million-a-year-4540b0cde584?utm_source=TwitterAccount&utm_medium=Twitter&utm_campaign=TwitterAccount"
7 ,"http://robotenomics.com/2014/05/01/reigniting-the-economy-with-computational-thinking/"
0 ,"https://plus.google.com/+TimOReilly/posts/HJp6MQbo8U8"
111 ,"http://www.thedailybeast.com/articles/2014/01/27/the-woody-allen-allegations-not-so-fast.html"
3 ,"http://radar.oreilly.com/2014/04/leading-by-example-two-stories.html"
0 ,"http://fcw.com/Articles/2014/08/26/The-women-behind-OSTP"
3 ,"http://www.newappsblog.com/2014/04/more-on-the-fermi-paradox-from-david-wallace.html"
192 ,"http://www.poemhunter.com/wallace-stevens/"
12 ,"https://www.aclu.org/blog/national-security-technology-and-liberty/beware-dangers-congress-latest-cybersecurity-bill"
0 ,"http://www.oreilly.com/webops-perf/free/devops-in-practice.csp?cmp=tw-velocity-free-lp-lgen_devops-in-practice.csp"
7 ,"https://www.safaribooksonline.com/explore/a/"
0 ,"http://www.oscon.com/oscon2014/public/content/terms?cmp=tw-prog-confreg-info-os14_tweet_general"
0 ,"http://geekbeat.tv/google-acquires-nest-for-3-2-billion/"
0 ,"http://m.theatlantic.com/business/archive/2014/09/publishers-gave-away-122951031-books-during-world-war-ii/379893/"
0 ,"http://radar.oreilly.com/2014/03/the-creep-factor-how-to-think-about-big-data-and-privacy.html?cmp=tw-strata-confreg-home-stsc14_twitter_posts"
15 ,"http://www.businessweek.com/articles/2014-02-20/uber-leads-taxi-industry-disruption-amid-fight-for-riders-drivers"
18 ,"http://www.wired.com/2014/06/pch-the-company-quietly-powering-a-boom-in-hardware-startups/"
47 ,"http://www.slate.com/blogs/xx_factor/2014/03/04/the_dating_ring_a_service_to_fly_nyc_s_single_women_to_male_dominated_san.html"
0 ,"http://boingboing.net/2014/03/21/homeland-audiobook-wil-wheato.html?utm_source=dlvr.it&utm_medium=twitter"
108 ,"http://www.web2summit.com/web2009/public/schedule/detail/10194"
0 ,"http://www.ibmbigdatahub.com/blog/what-skills-are-needed-big-data?utm_content=buffer19956&utm_medium=social&utm_source=twitter.com&utm_campaign=buffer"
0 ,"https://peerj.com/articles/562/"
5 ,"http://radar.oreilly.com/2014/01/the-new-bot-on-the-block.html"
3 ,"https://www.uschamber.com/event/startup-government-conference"
5 ,"http://www.socialprogressimperative.org/blog/posts/how-do-the-social-progress-index-and-the-legatum-prosperity-index-compare"
5 ,"http://grist.org/climate-energy/naomi-klein-is-right-unchecked-capitalism-will-destroy-civilization/"
3 ,"http://shop.oreilly.com/product/0636920032113.do"
0 ,"http://littlebits.cc/bitlab?utm_source=twitter&utm_medium=cpc&utm_content=lifestyle&utm_campaign=bitLab_existing"
0 ,"https://www.swarmapp.com/timoreilly/checkin/52f3fe65498ec161d30725e3?s=xjnJ9k4IQU-h_woQWDuqx4LJ5co&ref=tw"
0 ,"http://practicinganthropology.org/2014/08/napa-career-profile-marc-hebert-phd/"
6 ,"http://www.huffingtonpost.com/vala-afshar/fcc-cio-5-ways-to-create_b_4860704.html"
0 ,"http://www.ted.com/talks/eric_liu_why_ordinary_people_need_to_understand_power?utm_content=buffer75055&utm_medium=social&utm_source=twitter.com&utm_campaign=buffer"
4 ,"https://diy.org/skills/minecrafter"
8 ,"http://www.sfgate.com/education/article/Revamped-computer-science-classes-attracting-more-5243026.php#src=fb"
3 ,"http://www.cedmagazine.com/news/2014/08/fcc-names-network-neutrality-expert-as-cto"
4 ,"http://crookedtimber.org/2014/05/27/political-economy-is-political/"
8 ,"https://www.techdirt.com/articles/20140124/12433225982/doj-says-company-that-vetted-snowden-faked-665000-background-checks.shtml"
0 ,"http://www.aspenideas.org/session/changing-world-work-networked-economy"
6 ,"http://www.businessinsider.com/heres-the-real-reason-governments-are-cracking-down-on-uber-and-airbnb-2014-4"
8 ,"http://www.techrepublic.com/article/googles-master-plan-for-android/"
18 ,"http://nymag.com/daily/intelligencer/2014/04/problem-with-profitless-start-ups.html"
4 ,"http://www.whitehouse.gov/blog/2014/03/24/geeksgetcovered-maker-s-story"
0 ,"http://radar.oreilly.com/2014/01/2013-data-science-salary-survey.html?cmp=tw-strata-free-article-lgen_salary_survey_strata_blogpost"
5 ,"http://www.washingtonpost.com/opinions/ferguson-wasnt-black-rage-against-copsit-was-white-rage-against-progress/2014/08/29/3055e3f4-2d75-11e4-bb9b-997ae96fad33_story.html"
10 ,"http://www.vox.com/2014/4/13/5610356/un-panel-heres-how-we-cut-emissions-and-avoid-a-climate-disaster"
0 ,"http://www.codeforamerica.org/blog/2014/03/03/you-talkin-about-me/"
159 ,"http://m.sfgate.com/news/article/Apple-exploring-cars-medical-devices-to-reignite-5239850.php"
0 ,"https://ds3.research.microsoft.com/"
3 ,"http://www.forbes.com/sites/natalierobehmed/2014/04/09/obama-names-tory-burch-reid-hoffman-as-ambassadors-for-global-entrepreneurship/"
6 ,"http://www.theamericanconservative.com/articles/the-party-of-innovation/"
5 ,"http://craigconnects.org/crowdfundinginfographic"
0 ,"http://americadecoded.org/announcing-the-amlegal-decoder-a-free-tool-to-publish-laws-seamlessly-online-in-ridiculously-useful-open-data-formats/"
0 ,"http://radar.oreilly.com/2014/06/ais-dueling-definitions.html?cmp=gplus-strata-na-article-na_intelligence_matters"
0 ,"http://www.brainpickings.org/2014/09/10/100-ideas-that-changed-the-web/?utm_content=bufferbb2e0&utm_medium=social&utm_source=twitter.com&utm_campaign=buffer"
0 ,"http://therivardreport.com/code-for-america-fellows-connecting-citizens-and-city-hall/?utm_source=rss&utm_medium=rss&utm_campaign=code-for-america-fellows-connecting-citizens-and-city-hall"
0 ,"http://theweek.com/article/index/254949/how-cutting-government-spending-can-increase-the-deficit?utm_source=links&utm_medium=website&utm_campaign=twitter"
6 ,"http://www.businessinsider.com/health-care-spending-growth-slow-2014-7"
3 ,"http://blogs.plos.org/speakingofmedicine/2014/08/22/global-response-ebola-fever-epidemic-took-long/"
6 ,"http://www.technologyreview.com/view/511421/the-brain-is-not-computable/"
3 ,"http://www.oreilly.com/pub/e/3098"
156 ,"http://online.wsj.com/news/articles/SB10001424052702303795904579430794212866058"
188 ,"http://time.com/10228/obamas-trauma-team/"
0 ,"http://sunlightfoundation.com/blog/2014/04/02/sunlights-response-to-scotus-ruling-on-mccutcheon-v-fec/?utm_content=bufferb279d&utm_medium=social&utm_source=twitter.com&utm_campaign=buffer"
0 ,"https://www.youtube.com/watch?v=04dK7swPSwE"
0 ,"http://www.citeworld.com/article/2114440/development/winery-arduino-temperature-monitors-drones.html"
0 ,"http://strataconf.com/stratany2014/public/schedule/full/public?cmp=js-tw-strata-confreg-home-stny14_reg"
0 ,"http://www.change.org/p/banking-on-the-future-its-time-for-oauth-in-the-banking-industry?recruiter=80542545&utm_campaign=signature_receipt&utm_medium=email&utm_source=share_petition"
4 ,"https://peerj.com/articles/355/"
15 ,"http://thinkprogress.org/justice/2014/02/03/3242381/republicans-trick-voters-donating-democratic-candidates/"
6 ,"https://www.youtube.com/playlist?list=PL055Epbe6d5Y2Jzhd7eAhpXFflvRpjqjb"
0 ,"http://tv.slashdot.org/video/?embed=FxdG1wbzpSk8L_j3eXppL2T7BxlydkL1"
0 ,"http://www.nlc.org/find-city-solutions/city-solutions-and-applied-research/finance/2013-city-fiscal-conditions/key-findings-of-2013-city-fiscal-conditions-report"
136 ,"http://leafsnap.com/"
0 ,"http://www.npr.org/blogs/thesalt/2014/04/28/306544406/got-gas-it-could-mean-you-ve-got-healthy-gut-microbes?ft=1&f=139941248"
0 ,"http://shop.oreilly.com/category/deals/b2s-special.do?code=B2S4"
0 ,"http://www.youtube.com/watch?v=OIlxdpfu71o&feature=youtu.be&t=29m14s"
0 ,"https://twitter.com/yuletide/status/421360556348407809/photo/1"
5 ,"http://articles.latimes.com/1985-04-03/news/mn-28445_1_san-francisco-s-skyline"
8 ,"http://www.betabrand.com/think-tank/vote/mens-business-suit-onesie-hybrid.html"
0 ,"https://www.youtube.com/watch?v=feXWLuyns6I&list=PL055Epbe6d5Y2Jzhd7eAhpXFflvRpjqjb&index=20"
10 ,"http://blogs.telegraph.co.uk/technology/micwright/100010200/winston-churchill-on-arts-funding-how-twitter-twists-history-to-suit-modern-agendas/"
0 ,"http://slashdot.org/story/14/03/19/1721253/30k-worth-of-multimeters-must-be-destroyed-because-theyre-yellow"
0 ,"http://velocityconf.com/velocityny2014/public/schedule/detail/37891?cmp=tw-velocity-confsched-info-vlny14_events"
0 ,"http://www.govtech.com/applications/Oakland-Earthquake-App-Underscores-Vulnerable-Housing.html"
4 ,"http://svpow.com/2014/02/12/can-peerj-really-be-only-a-year-old/"
134 ,"http://online.wsj.com/news/articles/SB10001424052702304315004579381463769362886"
1002 ,"http://www.caller.com"
4 ,"http://govtechfund.com/"
0 ,"http://radar.oreilly.com/2014/07/podcast-design-for-how-the-world-should-work.html"
6 ,"https://www.youtube.com/watch?v=3aId6jSDSg0"
165 ,"https://www.kickstarter.com/discover?ref=nav"
4 ,"http://www.danah.org/itscomplicated/book-tour/"
0 ,"http://radar.oreilly.com/2014/04/biohacking-and-the-problem-of-bioterrorism.html#more-60050"
0 ,"http://www.forbes.com/sites/jacobmorgan/2014/04/09/humans-are-taking-jobs-away-from-robots-not-vice-versa/"
0 ,"http://battellemedia.com/archives/2014/08/facebook-weatherless-world.php"
17 ,"http://www.bbc.com/news/science-environment-26455763"
0 ,"http://quibb.com/links/why-meteor-will-kill-ruby-on-rails/view"
3 ,"http://www.fastcompany.com/person/saul-griffith"
0 ,"http://grist.org/climate-energy/b-c-put-a-price-on-carbon-what-happened-next-will-surprise-you/?utm_source=twitter&utm_medium=tweet&utm_campaign=socialflow"
4 ,"http://www.thestranger.com/seattle/how-a-15-minimum-wage-would-make-everyone-richer/Content?oid=19138455"
4 ,"http://radar.oreilly.com/2014/04/toward-an-open-internet-of-things.html"
21 ,"http://www.businessinsider.com/21-enterprise-startups-to-bet-on-2014-1#planet-labs-saving-the-world-with-photos-from-space-15"
5 ,"http://www.interfluidity.com/v2/5031.html"
7 ,"http://radar.oreilly.com/2014/02/trope-or-fact-technology-creates-more-jobs-than-it-destroys.html"
0 ,"https://www.swarmapp.com/timoreilly/checkin/53caa925498e0ccb07637fd2?s=ky5AP_xd2QNIZRngrcSieHQMw30&ref=tw"
0 ,"http://techpresident.com/news/25206/civic-tech-and-engagement-how-seeclickfix-changing-fabric-local-reality"
10 ,"http://recode.net/2014/01/15/googbye-email-addresses-phone-numbers/"
0 ,"http://strataconf.com/stratany2014/public/schedule/detail/37034?cmp=tw-strata-confreg-info-stny14_strata_schedule_&_events_ny_14"
43 ,"http://www.akronaccelerator.com"
3 ,"http://radar.oreilly.com/2014/03/the-new-php.html"
0 ,"http://www.technologyreview.com/news/524626/augmented-reality-gets-to-work/"
5 ,"http://radar.oreilly.com/2014/07/tell-us-your-full-stack-story.html"
0 ,"http://hardware.slashdot.org/story/14/08/05/2033230/t-mobile-smartphones-outlast-competitors-identical-models?utm_source=slashdot&utm_medium=twitter"
0 ,"https://plus.google.com/events/cuguos76e4bebgsp6pbo0opbod8"
0 ,"http://shop.oreilly.com/category/deals/day-against-drm.do"
0 ,"http://www.forbes.com/sites/edddumbill/2014/02/05/the-experimental-enterprise/?utm_content=buffer2b1c2&utm_medium=social&utm_source=twitter.com&utm_campaign=buffer"
13 ,"http://www.people-press.org/2014/01/27/deficit-reduction-declines-as-policy-priority/"
0 ,"https://www.mcc.gov/pages/povertyreductionblog/entry/blog-011514-the-revolution-is"
7 ,"http://missiontomarshealth.com/about/"
8 ,"http://ecorner.stanford.edu/authorMaterialInfo.html?mid=3103"
6 ,"http://www.zdnet.com/visionary-award-winner-tim-oreilly-calls-on-techies-to-help-local-government-7000030231/"
0 ,"http://shop.oreilly.com/product/0636920029533.do?cmp=tw-na-books-videos-product-dod_daily_tweet&code=DEAL"
8 ,"http://www.washingtonmonthly.com/magazine/junejulyaugust_2014/features/the_big_lobotomy050642.php?page=all"
38 ,"http://www.theverge.com/2014/6/25/5842188/googles-cardboard-turns-your-android-device-into-a-vr-headset"
6 ,"http://robotenomics.com/about/"
0 ,"https://docs.google.com/forms/d/1tEA4GmWEDXKRLLeMJ2ytSfmRbkYv0RZCMkq2Uowwxbc/viewform"
95 ,"http://techcrunch.com/2013/12/21/the-ultimate-cheat-sheet-for-selling-anything/"
5 ,"http://radar.oreilly.com/2014/02/academic-biology-and-its-discontents.html#more-59290"
4 ,"http://fredrikdeboer.com/2014/02/01/online-education-and-the-desperate-need-for-educational-realism/"
62 ,"http://www.latimes.com/business/hiltzik/la-fi-mh-kansas-a-smoking-ruin-20140709-column.html"
5 ,"http://recode.net/2014/06/24/stripe-inks-monumental-deal-with-alipay-to-connect-chinese-with-western-brands/"
26 ,"http://makezine.com/2014/03/12/3-reasons-to-join-the-maker-faire-bay-area-street-team/"
10 ,"http://recode.net/2014/02/14/race-alongside-the-machine/"
9 ,"http://www.mckinsey.com/insights/business_technology/opening_up_open_data_an_interview_with_tim_o_reilly"
115 ,"https://twitter.com/congressedits"
0 ,"http://www.economist.com/blogs/easternapproaches/2014/09/polands-intellectuals-appeal?fsrc=scn/tw/te/bl/ed/fromdanzigtodonetsk?fsrc=scn/tw/te/bl/ed/fromdanzigtodonetsk"
0 ,"http://www.theregister.co.uk/2014/05/23/the_internet_of_things_helps_insurance_firms_reward_punish/?utm_content=buffer4af84&utm_medium=social&utm_source=twitter.com&utm_campaign=buffer"
3 ,"http://www.technologyreview.com/qa/530901/technology-stalled-in-1970/"
33 ,"http://qz.com/184019/how-kickstarter-users-raised-nearly-1-billion-the-really-long-tail-of-crowdfunding/"
0 ,"http://www.dwell.com/we-recommend/article/solid-conference-hardware-and-networked-home?cmp=tw-strata-confreg-home-stsc14_twitter_posts"
11 ,"http://www.jpl.nasa.gov/news/news.php?release=2014-037"
0 ,"http://www.bloomberg.com/news/2014-04-21/beware-the-blades-of-death-world-s-top-serial-bird-killers-.html?utm_campaign=socialflow&utm_source=twitter&utm_medium=tweet"
0 ,"http://www.rants.org/2014/08/17/andy_oram_on_net_neutrality/"
10 ,"http://www.transitmix.net/"
0 ,"http://gureckislab.org/blog/?p=4318"
5 ,"https://playbook.cio.gov/"
0 ,"http://radar.oreilly.com/2014/08/does-net-neutrality-really-matter.html"
9 ,"http://www.oscon.com/oscon2014/public/content/video"
3 ,"http://www.theguardian.com/world/2014/jul/11/miami-drowning-climate-change-deniers-sea-levels-rising?CMP=fb_gu"
0 ,"http://datos.gob.mx/envivo"
9 ,"http://www.darpa.mil/opencatalog/index.html"
0 ,"https://twitter.com/pahlkadot/status/495628892343123968/photo/1"
5 ,"http://web.mit.edu/bigdata-priv/index.html"
0 ,"http://velocityconf.com/velocityny2014/public/content/video"
0 ,"http://velocityconf.com/velocityny2014/public/cfp/346?cmp=tw-velocity-confreg-info-vlny14_general_twitter"
14 ,"http://tomtunguz.com/tech-consolidation/"
0 ,"http://shop.oreilly.com/product/0636920027973.do?cmp=tw-na-books-videos-product-dow_weekly_deal_tweet&code=VDWK"
0 ,"http://www.vox.com/2014/7/31/5955303/kentuckys-uninsured-rate-before-and-after-obamacare/in/5677270?utm_medium=social&utm_source=twitter&utm_campaign=sarahkliff&utm_content=thursday"
5 ,"https://opensource.com/life/14/1/open-hardware-ask-an-engineer"
1002 ,"https://www.ifixit.com"
5 ,"http://seattletimes.com/html/businesstechnology/2023272500_boeing777sfcrashxml.html"
5 ,"http://www.scientificamerican.com/article/do-we-need-flame-retardants-in-electronics/"
3 ,"http://live.fastcompany.com/Event/World_Changing_Ideas_A_QA_With_Andrew_Kassoy_Cofounder_Of_B_Lab"
0 ,"https://medium.com/@zephoria/san-franciscos-in-visible-class-war-b83327c3371c?source=tw-ce5e55092c08-1399991889583&utm_source=TwitterAccount&utm_medium=Twitter&utm_campaign=TwitterAccount"
0 ,"http://boingboing.net/2014/05/06/marks-online-arduino-and-int.html"
45 ,"http://www.slideshare.net/Timoreilly1/technological-revolutions-and-cultural-revolutions-oscon-2014"
5 ,"http://radar.oreilly.com/2014/04/the-evolving-purpose-of-design.html"
12 ,"http://www.people-press.org/2014/06/26/the-political-typology-beyond-red-vs-blue/"
0 ,"http://www.mckinsey.com/insights/business_technology/opening_up_open_data_an_interview_with_tim_o_reilly?cid=other-eml-alt-mip-mck-oth-1401"
29 ,"http://graphics8.nytimes.com/newsgraphics/2014/03/28/autism/cf7ae65edcaeeb82fe3f523d1dfaec50125327d1/0330-web-AUTISM-945.png"
4 ,"https://www.techdirt.com/articles/20140811/05564728172/spains-ill-conceived-google-tax-law-likely-to-cause-immense-damage-to-digital-commons-open-access.shtml"
94 ,"http://www.whitehouse.gov/maker-faire"
0 ,"http://shop.oreilly.com/product/0636920027065.do?cmp=tw-na-books-videos-product-dod_daily_tweet&code=DEAL"
3 ,"http://www.youtube.com/watch?v=ces8hqSNSNg"
32 ,"http://www.ustream.tv/channel/hclive02"
262 ,"http://www.openp2p.com/pub/a/p2p/2002/12/11/piracy.html"
5 ,"http://www.marketplace.org/topics/tech/elon-musk-tesla-plan-gigafactory-site"
0 ,"http://www.vox.com/2014/7/21/5922835/half-of-americans-think-expensive-medical-care-is-better-theyre-wrong?utm_medium=social&utm_source=twitter&utm_campaign=voxdotcom&utm_content=monday"
7 ,"http://www.huffingtonpost.com/lorelei-kelly/we-need-a-citizen-maker-m_b_5524157.html"
0 ,"https://www.swarmapp.com/timoreilly/checkin/54176ac5498ea150c12ba4d1?s=XfEa9AJSTBkXLtI8N7LzzGsEPgA&ref=tw"
4 ,"http://www.code-love.com/2014/02/21/defining-the-internet-of-things-in-one-line/"
18 ,"http://www.opencompute.org/blog/ocp-summit-v-keynote-videos/"
73 ,"http://techcrunch.com/2014/02/15/is-tech-money-good-for-san-franciscos-middle-class-an-economists-perspective/"
13 ,"http://www.businessinsider.com/the-future-of-the-blockchain-2014-4"
0 ,"http://shop.oreilly.com/product/110000007.do?cmp=tw-na-books-videos-product-dow_weekly_deal_tweet&code=VDWK"
4 ,"http://boingboing.net/2014/03/19/loomio-democratic-decision-ma.html"
3 ,"http://www.forbes.com/sites/aarontilley/2014/05/16/why-all-the-best-minds-are-starting-to-flock-to-hardware-not-software/"
3 ,"http://radar.oreilly.com/2014/03/the-creep-factor-how-to-think-about-big-data-and-privacy.html"
15 ,"http://makezine.com/2014/05/30/a-hospital-mini-maker-faire/"
3 ,"https://medium.com/@lizcastro/5-reasons-catalonia-should-be-on-your-radar-248fa856f6de"
5 ,"http://news.discovery.com/earth/weather-extreme-events/mystery-of-death-valleys-moving-rocks-solved-140827.htm"
0 ,"https://peerj.com/articles/458/"
5 ,"http://www.businessinsider.com/larry-page-at-ted-2014-3"
4 ,"http://www.newyorker.com/magazine/2014/02/17/cheap-words?currentPage=all"
7 ,"http://www.brainpickings.org/index.php/2014/03/07/stewart-brand-reading-list/"
6 ,"https://medium.com/the-web-we-make/the-year-i-didnt-retweet-men-79403a7eade1"
0 ,"https://www.edsurge.com/n/2014-07-20-opinion-who-needs-learning-relationship-management-we-all-do"
3 ,"http://solidcon.com/solid2014/public/schedule/detail/35424"
35 ,"http://time.com/3227869/garry-kasparov-its-a-war-stupid/"
5 ,"http://danariely.com/2014/02/27/a-beginners-guide-to-irrational-behavior-take-2/"
0 ,"http://time.com/3394150/uber-military/?utm_content=buffer613c4&utm_medium=social&utm_source=twitter.com&utm_campaign=buffer"
257 ,"http://www.theatlantic.com/features/archive/2014/05/the-case-for-reparations/361631/"
0 ,"http://my.safaribooksonline.com/browse?searchtextbox=(BOOK ANDNOT (CATEGORY biz.current_affairs OR CATEGORY perprodev.diets_weight_loss OR CATEGORY perprodev.health_fitness OR CATEGORY perprodev.hobbies OR CATEGORY perprodev.marriage_family OR CATEGORY perprodev.travel))&searchview=summary&searchmode=simple&sort=insertDate&order=desc&pagetitle=New Titles"
0 ,"http://america.aljazeera.com/articles/2014/3/3/giant-30-000-yearoldvirusfrompermafrostisreborn.html"
0 ,"http://www.amazon.com/Valuing-Life-Humanizing-Regulatory-State/dp/0226780171"
0 ,"http://www.sfchronicle.com/bayarea/article/Andrew-Kay-creator-of-Kaypro-early-personal-5740440.php?t=dbf8896860"
3 ,"https://hi.co/moments/1votdtw6"
38 ,"http://techcrunch.com/2014/05/01/makespace-the-dropbox-for-physical-storage-packs-up-8-million-led-by-upfront-ventures/"
6 ,"http://www.theatlantic.com/technology/archive/2014/06/discontinued-gps-networks-and-the-mystery-islands-that-disappear-with-them/373234/"
0 ,"http://velocityconf.com/velocityny2014/public/schedule/detail/38106?cmp=tw-velocity-confsched-info-vlny14_sessions"
0 ,"http://www.washingtonpost.com/opinions/fred-hiatt-rebuilding-the-team-of-rivals-in-the-white-house/2014/07/13/68ece7a6-090f-11e4-8a6a-19355c7e870a_story.html"
5 ,"https://screendoor.dobt.co/code-for-america/2015-fellowship-application"
0 ,"https://www.swarmapp.com/timoreilly/checkin/52fe867b498e085189baa1b4?s=N5a9_3_EqeHp5AuM2uVP5_nHSmY&ref=tw"
3 ,"http://www.brookings.edu/research/reports/2014/03/12-mhealth-china-united-states-mobile-technology-health-care"
3 ,"http://m.vice.com/read/former-comcast-and-verizon-attorneys-now-manage-the-fcc-and-are-about-to-kill-the-internet"
12 ,"https://www.safaribooksonline.com/explore/"
25 ,"http://www.theguardian.com/money/us-money-blog/2014/jul/24/wall-street-fooling-people"
7 ,"http://synbiobeta.com/courses/"
5 ,"http://radar.oreilly.com/2014/08/not-just-the-governments-playbook.html"
5 ,"http://www.wordspy.com/words/retro-cameo.asp"
0 ,"http://www.brainpickings.org/2014/06/25/7-learnings-holstee-poster/?utm_content=buffer6eda7&utm_medium=social&utm_source=twitter.com&utm_campaign=buffer"
10 ,"http://www.npr.org/2014/01/25/265802133/antarctic-discovery-a-massive-valley-under-the-ice"
4 ,"http://astronomycentral.co.uk/astronomy-the-size-of-stuff/"
4 ,"http://blog.peerj.com/post/76409008978/celebrating-a-year-of-publishing-at-peerj"
3 ,"http://www.theatlantic.com/politics/archive/2014/03/the-rise-and-precipitous-fall-of-serious-bipartisan-tax-reform/284525/"
9 ,"https://atlas.oreilly.com/"
0 ,"http://shop.oreilly.com/product/9780124103894.do?cmp=tw-na-books-videos-product-dod_daily_tweet&code=DEAL"
0 ,"http://exitevent.com/article/a-shot-in-the-dark-earns-archivesocial-props-from-gartner-14519"
11 ,"http://www.vox.com/2014/5/6/5678080/voxsplaining-telecom"
6 ,"http://www.wired.com/2014/03/ted-brings-back-home"
0 ,"http://www.youtube.com/watch?v=UnLbu5Kh5KA&feature=youtu.be"
91 ,"http://environment.nationalgeographic.com/environment/energy/great-energy-challenge/global-footprints/#b03g05t20w14"
0 ,"http://www.technologyreview.com/news/530671/smartphone-movements-could-reveal-empty-parking-spots/"
0 ,"https://www.dropbox.com/s/6bp3dn887xx5jjd/Mack%20-%20other%2095%20percent%20-%20PDF.pdf"
0 ,"http://www.codeforamerica.org/blog/2014/08/19/code-for-germany-launch/"
794 ,"http://www.whitehouse.gov/innovationfellows"
6 ,"http://www.theatlantic.com/video/index/358557/magical-new-zealand/"
4 ,"http://www.theatlantic.com/politics/archive/2014/01/an-awkward-question-for-robert-gates-has-the-deep-state-taken-over/282934/"
4 ,"http://www.oregonlive.com/environment/index.ssf/2014/09/forest_service_says_media_need.html"
0 ,"http://radar.oreilly.com/2014/09/one-man-willingly-gave-google-his-data-see-what-happened-next.html"
0 ,"http://radar.oreilly.com/2014/09/working-like-a-startup-at-ibm.html"
3 ,"https://www.eventbrite.com/e/solid-local-in-san-francisco-software-hardware-everywhere-tickets-10746451927"
4 ,"https://photojojo.com/store/awesomeness/power-pot/"
3 ,"http://www.pewresearch.org/fact-tank/2014/03/06/regional-polls-show-few-ukrainians-russians-want-a-united-single-state/"
0 ,"http://instagram.com/p/jCjaLtinu5/"
6 ,"http://scottberkun.com/2013/ten-myths-of-innnovation/"
0 ,"http://www.vox.com/2014/8/15/6006467/california-hasnt-had-a-drought-this-bad-since-at-least-1895?utm_medium=social&utm_source=twitter&utm_campaign=voxdotcom&utm_content=sunday"
0 ,"http://www.vox.com/2014/7/6/5874499/map-heres-how-much-every-country-spends-on-food?utm_medium=social&utm_source=twitter&utm_campaign=bradplumer&utm_content=sunday"
0 ,"https://www.swarmapp.com/timoreilly/checkin/532110c7498edd5352234784?s=tJuYKmlsNMvrBPaCN9RZk9XuJrE&ref=tw"
0 ,"http://makercon.com/"
3 ,"http://www.commerce.gov/blog/2014/02/24/noaa-moves-unleash-%E2%80%9Cbig-data%E2%80%9D-and-calls-upon-american-companies-help"
0 ,"http://www.networkworld.com/article/2176666/data-center/2014-women-in-technology-hall-of-fame-inductees-include-suits--coders-and-entrepreneurs.html"
4 ,"http://www.youtube.com/watch?v=Uz4_hHLBO4o"
0 ,"http://radar.oreilly.com/2014/01/pushstate-to-the-future-progressive-enhancement-using-html5-pushstate-at-twitter.html?cmp=tw-prog-na-article-cmkt_prog_tweet"
171 ,"https://plus.google.com/+GoogleGlass/posts/axcPPGjVFrb"
0 ,"http://radar.oreilly.com/2014/02/writing-without-knowing.html"
10 ,"http://www.darpa.mil/OpenCatalog/index.html"
4 ,"http://blogs.wsj.com/venturecapital/2014/06/18/other-machine-co-raises-3m-to-make-desktop-3d-cutters-mainstream/"
115 ,"http://www.slate.com/articles/arts/culturebox/2014/05/language_map_what_s_the_most_popular_language_in_your_state.html"
0 ,"http://www.deedjoo.com/articles/dave-gray-presents-his-book-connected-company"
0 ,"http://www.oreilly.com/webops-perf/newsletter.html?cmp=tw-velocity-newsletter-reg-newsltr_newsletter_signup_twitter"
6 ,"http://www.darpa.mil/Our_Work/I2O/Programs/Probabilistic_Programming_for_Advanced_Machine_Learning_(PPAML).aspx"
0 ,"http://www.alliancerc.com/currentsearches-environservices/sf-director-department-of-environment"
0 ,"http://www.washingtonpost.com/national/health-science/study-suggests-sweeteners-could-contribute-to-obesity-and-diabetes/2014/09/17/c3c04ea6-3dc2-11e4-b03f-de718edeb92f_story.html"
5 ,"http://www.bayesimpact.org/fellowship"
7 ,"http://www.bloombergview.com/articles/2014-03-31/michael-lewis-doesn-t-like-high-frequency-traders"
12 ,"http://arstechnica.com/tech-policy/2014/07/model-drone-finds-elderly-man-alive-after-going-missing-for-three-days/"
0 ,"http://shop.oreilly.com/category/deals/python.do?cmp=tw-npa-dotd-orm-ebook&code=DEAL"
3 ,"https://firstlook.org/theintercept/2014/09/18/clapper-denies-lying-announces-new-ethics-policy/"
38 ,"http://www.bbc.com/news/science-environment-29115845"
33 ,"http://techcrunch.com/2014/05/21/cover-sf/"
0 ,"http://mymeedia.com/stages/jotwe/post/4007483"
12 ,"http://arstechnica.com/apple/2014/03/at-apple-shareholders-meeting-tim-cook-tells-off-climate-change-deniers/"
72 ,"http://variety.com/2014/digital/news/survey-youtube-stars-more-popular-than-mainstream-celebs-among-u-s-teens-1201275245/"
0 ,"http://www.theatlantic.com/technology/archive/2014/08/why-email-will-never-die/375973/?single_page=true"
0 ,"http://boingboing.net/2014/03/03/free-download-of-danah-boyds.html"
0 ,"https://www.youtube.com/watch?v=1CLmfZtQLrA"
49 ,"http://www.buzzfeed.com/miniusanotnormal/25-places-that-look-not-normal-but-are-actually-r-7lct"
0 ,"https://screendoor.dobt.co/opengov-foundation/free-law-innovation-fellowship-civic-hacking-on-the-d-c-council"
0 ,"http://www.amazon.com/Making-Makers-Children/dp/1457183749/"
0 ,"http://radar.oreilly.com/2014/04/heartbleeds-lessons.html"
7 ,"http://longnow.org/seminars/02014/mar/24/entrepreneurial-state-debunking-private-vs-public-sector-myths/"
3 ,"http://radar.oreilly.com/2014/03/lean-urbanism.html"
0 ,"http://www.thunderclap.it/tipped/7956/twitter"
32 ,"http://recode.net/2014/01/26/exclusive-google-to-buy-artificial-intelligence-startup-deepmind-for-400m/"
4 ,"http://solarsystem.nasa.gov/news/display.cfm?News_ID=38044"
4 ,"https://www.youtube.com/watch?v=YbChUpicA4k"
420 ,"http://startupquote.com"
0 ,"http://www.vox.com/2014/6/26/5842950/map-extremely-hot-days-95F?utm_medium=social&utm_source=twitter&utm_campaign=voxdotcom&utm_content=thursday"
0 ,"http://www.eventbrite.com/e/east-bay-mini-maker-faire-2014-tickets-12676903961"
0 ,"http://fluentconf.com/fluent2015"
4 ,"http://solidcon.com/solid2014/public/content/video"
0 ,"http://blogs.wsj.com/digits/2014/02/11/foxconn-working-with-google-on-robotics/?mod=WSJBlog"
39 ,"http://www.santaclarita.com/blog/view.php?blog_entry_id=31138"
7 ,"http://www.smh.com.au/business/place-for-publicprivate-partnerships-in-cyberspace-20130328-2gxdp.html"
9 ,"http://russelldavies.typepad.com/planning/2013/10/death-to-innovation.html"
4 ,"http://mashable.com/2014/04/25/tesla-ftc/#:eyJzIjoidCIsImkiOiJfbmpzZHlyc3p4eWEyejdyZyJ9"
4 ,"http://radar.oreilly.com/2014/03/exploring-software-hardware-everywhere.html"
6 ,"http://www.newrepublic.com/article/112871/carl-malamud-lawsuit-fight-make-building-regulations-truly-fee"
0 ,"https://www.swarmapp.com/timoreilly/checkin/53a32afa498e31eeb1e1cb99?s=3ugbaug2KWwJ195DTO2azjm0RNE&ref=tw"
4 ,"http://www.project-syndicate.org/commentary/kenneth-rogoff-identifies-several-obstacles-to-keeping-living-standards-on-an-upward-trajectory"
18 ,"http://www.whitehouse.gov/blog/2014/01/08/first-ladys-box-seats-2014-state-union"
142 ,"http://www.newrepublic.com/article/117088/silicons-valleys-brutal-ageism"
0 ,"https://plus.google.com/102786751626732213960/posts/3jVwcTZUrur"
0 ,"http://shop.oreilly.com/product/110000195.do?cmp=tw-na-books-videos-product-dow_weekly_deal_tweet&code=VDWK"
0 ,"http://velocityconf.com/velocityny2014/public/schedule/detail/37789?cmp=tw-velocity-confsched-info-vlny14_sessions"
4 ,"http://www.engadget.com/2014/09/15/us-fines-would-have-destroyed-yahoo/"
0 ,"https://medium.com/futurists-views/algorithmic-culture-culture-now-has-two-audiences-people-and-machines-2bdaa404f643?utm_content=buffer5cdad&utm_medium=social&utm_source=twitter.com&utm_campaign=buffer"
20 ,"http://nymag.com/daily/intelligencer/2014/03/upworthy-team-explains-its-success.html"
0 ,"http://www.vizhealth.org/gallery/assets/51/"
4 ,"http://radar.oreilly.com/2014/02/self-directed-learning-and-oreillys-role-in-the-connected-program.html"
10 ,"http://www.slideshare.net/timoreilly/software-above-the-level-of-a-single-device-35022910"
0 ,"http://www.vox.com/2014/7/8/5878133/less-than-1-percent-of-food-stamps-go-to-ineligible-people?utm_medium=social&utm_source=twitter&utm_campaign=voxdotcom&utm_content=saturday"
3 ,"http://tedxmarketstreet.com"
0 ,"http://www.hackpaloalto.org/finalists/"
4 ,"http://puppetlabs.com/blog/improving-devops-survey-how-and-why"
0 ,"http://action.edtrust.org/p/dia/action3/common/public/?action_KEY=16707"
12 ,"http://mako.cc/copyrighteous/google-has-most-of-my-email-because-it-has-all-of-yours"
0 ,"http://www.brainpickings.org/2014/08/13/jane-goodall-proust-questionnaire/?utm_content=buffera4115&utm_medium=social&utm_source=twitter.com&utm_campaign=buffer"
4 ,"http://blog.peerj.com/post/89751390423/author-interview-meadow-microbiome-phones"
45 ,"http://radar.oreilly.com/2009/06/benefits-classical-education.html"
4 ,"http://www.washingtonpost.com/opinions/how-republicans-lost-their-mind-democrats-lost-their-soul-and-washington-lost-its-appeal/2014/02/28/2ef5429c-9d89-11e3-9ba6-800d1192d08b_story.html"
4 ,"http://furiousdiaper.com/2014/05/14/hashtag-activism/"
6 ,"http://blog.foursquare.com/post/85826325458/swarm-is-ready-for-you-download-it-now"
0 ,"http://www.washingtonpost.com/news/morning-mix/wp/2014/05/12/youre-as-young-as-your-handshake/"
0 ,"http://www.washingtonpost.com/blogs/worldviews/wp/2014/05/15/a-photograph-of-an-aide-kicking-a-protester-may-be-just-the-beginning-of-erdogans-problems/?Post+generic=%3Ftid%3Dsm_twitter_washingtonpost"
4 ,"http://articles.latimes.com/1989-10-05/news/mn-913_1_soviet-union"
3 ,"http://www.capgemini-consulting.com/digital-transformation-review-6"
23 ,"http://code2040.org/partners/"
0 ,"https://www.linkedin.com/today/post/article/20140827165018-229992090-you-only-live-once-do-it-warren-buffett-s-way"
8 ,"http://www.huffingtonpost.com/2013/02/20/meteorite-map-impact-site-space-rock_n_2725132.html"
83 ,"http://theoatmeal.com/comics/tesla_model_s"
3 ,"https://medium.com/the-nib/san-franciscos-class-war-by-the-numbers-700c51a43a4"
4 ,"http://spectrum.ieee.org/biomedical/devices/building-mindcontrolled-gadgets-just-got-easier"
0 ,"http://diydrones.com/profiles/blogs/lidar-landing-with-apm-plane"
94 ,"http://www.teslamotors.com/blog/all-our-patent-are-belong-you"
129 ,"http://www.theguardian.com/world/2014/feb/19/high-court-ruling-on-david-miranda-heathrow-detention-live-coverage"
4 ,"http://www.exploratorium.edu/visit/calendar/soundscapes-frequent-sea"
0 ,"http://www.youtube.com/watch?v=hub4pvMliDs&app=desktop"
0 ,"http://www.inc.com/laura-montini/tim-o-reilly-what-is-and-isn-t-a-civic-tech-startup.html?cid=sf01001"
54 ,"http://www.slate.com/blogs/future_tense/2014/08/15/shark_attacks_threaten_google_s_undersea_internet_cables_video.html"
12 ,"http://nogunsallowedmovement.tumblr.com/"
0 ,"http://www.amazon.com/s/ref=sr_pg_1?rh=n%3A133140011%2Cn%3A%212334093011%2Cn%3A%212334155011%2Cn%3A7299114011&ie=UTF8&qid=1389357122"
0 ,"http://www.digitalbydefaultnews.co.uk/2014/09/10/delivering-government-as-a-platform-video/?utm_source=twitter&utm_medium=&utm_campaign=increase_traffic"
26 ,"http://radar.oreilly.com/2010/08/operations-as-the-secret-sauce.html"
5 ,"http://www.nextgov.com/cloud-computing/2014/02/how-outfox-broken-procurement-system-and-other-digital-government-lessons-uk/78803/"
72 ,"https://medium.com/@aaln/how-to-find-your-uber-passenger-rating-4aa1d9cc927f"
33 ,"http://www.wired.com/2014/06/eric-brewer-google-docker/"
19 ,"http://techcrunch.com/2014/08/05/opensignal-series-a/"
3 ,"http://vint.sogeti.com/internet-things-tinkering-kit-10-necessary-tools-tips/"
0 ,"http://www.wired.com/2014/04/people-people-crowdsourcing-improve-government/"
0 ,"https://vine.co/v/Mwalm7BX7dL"
0 ,"https://www.conference-board.org/press/pressdetail.cfm?pressid=5266"
13 ,"http://www.slideshare.net/timoreilly/ted-x-marketstreet"
0 ,"http://www.barackobama.com/news/on-climate-whose-side-are-you-on/?awesm=ofa.bo_drR&utm_source=tw&source=socnet_tw_CC_20140621_bo_on-climate-whose-side-are-you-on_blog_1&utm_medium=socnet&utm_campaign=CC&utm_content=20140621_bo_on-climate-whose-side-are-you-on_blog_1"
0 ,"http://shop.oreilly.com/category/deals/android.do?cmp=tw-prog-books-videos-lp-promo_20140626_owo_promo_android"
15 ,"http://geeksta.net/geeklog/exploring-expressions-emotions-github-commit-messages/"
38 ,"http://www.whitehouse.gov/blog/2014/08/11/delivering-customer-focused-government-through-smarter-it"
0 ,"http://shop.oreilly.com/product/9781118660638.do?cmp=tw-na-books-videos-product-dod_daily_tweet&code=DEAL"
0 ,"http://www.bloomberg.com/video/we-need-a-more-compassionate-capitalism-benioff-zVsDKv6sTPu7YrKjycWLYg.html"
13 ,"http://www.huffingtonpost.com/2014/05/24/ucsb-shooting-guns-nra_n_5386873.html"
0 ,"http://m.dailykos.com/story/2014/08/05/1319090/-Cartoon-Quiz-time-First-Amendment?detail=email"
0 ,"https://www.swarmapp.com/timoreilly/checkin/52d31e0611d2ae80f3a04f02?s=di2FphZmDLTY0C42t5rVLrN5Cco&ref=tw"
13 ,"http://www.slideshare.net/timoreilly/lessons-from-a-career-marketing-big-ideas-27108415"
4 ,"http://edge.org/conversation/on-kahneman"
13 ,"http://www.theatlantic.com/politics/archive/2013/03/how-groups-like-the-nra-captured-congress-and-how-to-take-it-back/273623/"
4 ,"http://blog.ted.com/2014/08/29/need-help-ask-aunt-bertha-erine-gray-helps-people-in-need-find-social-services-in-their-area/"
183 ,"http://riskybusiness.org"
3 ,"http://www.slideshare.net/timoreilly/by-people-for-people-39200380"
3 ,"http://christyheyob.com/2014/06/17/were-losing-all-our-strong-female-characters-to-trinity-syndrome/"
3 ,"https://medium.com/@stevenlevy/im-moving-to-medium-6869c0e3262c"
11 ,"http://www.wired.com/2014/05/the-weird-wild-world-of-citizen-science-is-already-here/"
20 ,"http://radar.oreilly.com/2013/09/how-i-failed.html#.UvlnaZT0z6s.twitter"
0 ,"http://radar.oreilly.com/2014/09/understanding-network-neutrality.html?cmp=tw-radar-na-article-na_70591"
0 ,"http://conference.digitalbookworld.com/ehome/70445/conference%20schedule/?&"
16 ,"http://www.whitehouse.gov/blog/2014/05/01/findings-big-data-and-privacy-working-group-review"
3 ,"https://www.eviscerati.org/articles/2014/08/Amazon-v-Hatchette-Everyone-Wrong-Me"
0 ,"http://www.vox.com/2014/8/18/5927269/epigenetics-definition-cancer-diet-explained-inheritance-DNA-methylation"
68 ,"http://www.slate.com/articles/business/books/2013/02/william_janeway_s_doing_capitalism_in_the_innovation_economy_reviewed.html"
0 ,"http://shop.oreilly.com/category/deals/data.do?code=WKDTSCS&cmp=tw-strata-books-videos-info-promo_become_a_data_scientist"
0 ,"http://microbe.net/2014/08/05/frightening-levels-of-antibiotic-resistance-and-capacity-for-horizontal-gene-transfer-reported-in-a-wastewater-treatment-plant/"
6 ,"http://www.theatlantic.com/technology/archive/2014/03/in-defense-of-google-flu-trends/359688/"
125 ,"http://www.whitehouse.gov/blog/2014/05/06/taking-action-attract-world-s-top-talented-professionals"
4 ,"http://foxtrotalpha.jalopnik.com/a-drone-shows-you-4th-of-july-fireworks-like-youve-neve-1600412194/+matthardigree"
40 ,"http://www.thisiscolossal.com/2014/05/color-book/"
0 ,"https://medium.com/war-is-boring/you-have-to-play-this-1-600-year-old-viking-war-game-cef088ae4e2d?utm_source=TwitterAccount&utm_medium=Twitter&utm_campaign=TwitterAccount"
19 ,"http://www.theatlantic.com/business/archive/2014/07/why-do-other-rich-nations-spend-so-much-less-on-healthcare/374576/"
3 ,"http://www.vox.com/2014/7/24/5933383/ryan-poverty-plan-democrats"
3 ,"https://plus.google.com/+JeffJarvis/posts/g8rJxjPUFFz"
6 ,"http://cacm.acm.org/magazines/2014/2/171674-should-everybody-learn-to-code/fulltext"
0 ,"http://isaiahsaxon.tumblr.com/post/81151223688/diy-the-animated-series-were-working-on-it"
0 ,"http://grist.org/news/military-experts-are-worried-about-climate-change-and-you-should-be-too/?utm_source=twitter&utm_medium=tweet&utm_campaign=socialflow"
0 ,"https://www.youtube.com/watch?v=TP8YygfUrGU"
44 ,"http://www.cnn.com/2014/04/09/opinion/liu-income-inequality/index.html"
165 ,"http://www.precisionplanting.com/"
4 ,"http://www.eventbrite.com/e/solid-local-in-boston-software-hardware-everywhere-registration-10023581803"
76 ,"https://materialsproject.org/"
4 ,"http://billmoyers.com/segment/preview-no-escaping-dragnet-nation/"
0 ,"http://www.newyorker.com/news/news-desk/political-scene-coal-climate-change-and-campaign-finance?utm_source=tny&utm_campaign=generalsocial&utm_medium=twitter&mbid=social_twitter"
14 ,"http://www.atlasobscura.com/places/the-sunken-city-of-baia"
18 ,"http://www.businessinsider.com/chart-of-defense-spending-by-country-2014-2"
3 ,"http://thedailyshow.cc.com/extended-interviews/nkja04/david-rose-extended-interview"
4 ,"http://www.breakingnews.com/topic/incident-at-reynolds-high-school-in-oregon-june-10-2014/"
0 ,"http://www.oreilly.com/pub/e/2997?cmp=tw-strata-confreg-home-stsc14_twitter_posts"
5 ,"http://www.asymco.com/2014/02/20/the-price-is-right/"
0 ,"http://www.washingtonpost.com/blogs/capital-weather-gang/wp/2014/06/23/earth-has-warmest-may-on-record-may-signal-warmest-year-in-pipeline/?Post+generic=%3Ftid%3Dsm_twitter_washingtonpost"
4 ,"http://datascienceatthecommandline.com/"
0 ,"https://www.eventbrite.com/e/api-days-san-francisco-connected-cars-and-driver-experience-registration-11536414727?discount=APIDaysInvite4"
5 ,"http://terrain.org/2012/unsprawl/serenbe/"
3 ,"http://www.businessweek.com/articles/2014-07-17/tech-investor-shervin-pishevar-launches-new-vc-firm-sherpaventures"
5 ,"http://boingboing.net/2014/09/10/catalan-separatists-plan-large.html"
0 ,"http://blog.peerj.com/post/76418533241/year-one-interviewing-the-co-founders"
31 ,"http://techcrunch.com/2014/06/13/fab-coms-david-lapter-joins-makespace-as-cfo/"
90 ,"http://www.theatlantic.com/health/archive/2014/03/doctors-1-source-for-healthcare-information-wikipedia/284206/"
0 ,"https://www.safaribooksonline.com/signup/?promotion_code=wave1trialoffer19"
1002 ,"http://www.theguardian.com/us"
0 ,"https://www.youtube.com/watch?v=9Eabp3Jpy-I&feature=youtu.be"
56 ,"http://betaboston.com/news/2014/03/05/a-vast-hidden-surveillance-network-runs-across-america-powered-by-the-repo-industry/"
3 ,"http://www.virgin.com/entrepreneur/the-myth-of-the-lone-genius-with-the-silver-bullet"
37 ,"https://www.restorationhardware.com/customer-service/catalog-cancellation.jsp"
7 ,"http://boingboing.net/2014/02/13/tell-the-irs-that-mountains-of.html"
3 ,"http://www.technologyreview.com/news/524966/after-microsoft-deal-whats-left-of-nokia-will-bet-on-internet-of-things/"
0 ,"http://truth-out.org/news/item/25880-secret-700000-donation-has-scott-walker-scrambling-to-address-appearance-of-corruption"
0 ,"http://www.popularmechanics.com/Chrysler200/25-makers-who-are-reinventing-the-american-dream-16604572-5"
5 ,"http://www.technologyreview.com/review/524451/genome-surgery/"
3 ,"http://ross.karchner.com/some-tips-for-safari-flow/"
0 ,"http://gizmodo.com/the-books-everyone-starts-and-no-one-finishes-accordin-1600866004?utm_campaign=socialflow_gizmodo_twitter&utm_source=gizmodo_twitter&utm_medium=socialflow"
0 ,"https://www.linkedin.com/today/post/article/20140730221802-18642888-you-don-t-get-to-the-21st-century-by-arresting-journalists?_mSplash=1"
0 ,"http://www.brainpickings.org/2014/03/28/virginia-woolf-suicide-letter/?utm_content=buffer6d05c&utm_medium=social&utm_source=twitter.com&utm_campaign=buffer"
33 ,"http://appleinsider.com/articles/14/02/18/apple-patents-sensor-packed-health-monitoring-headphones-with-head-gesture-control"
0 ,"http://radar.oreilly.com/2014/09/understanding-network-neutrality.html"
8 ,"http://nickgrossman.is/post/85128984454/defending-the-open-internet"
0 ,"http://grist.org/news/ocean-temperatures-spiked-in-2013/?utm_source=twitter&utm_medium=tweet&utm_campaign=socialflow"
6 ,"http://strataconf.com/strata2015"
0 ,"https://twitter.com/pahlkadot/status/473158257201008640/photo/1"
0 ,"http://www.gmanetwork.com/news/story/360744/scitech/science/nasa-west-antarctic-ice-sheet-collapse-unstoppable"
19 ,"http://motherboard.vice.com/blog/what-150-of-the-worlds-smartest-scientists-are-worried-about"
0 ,"http://solidcon.com/solid2014/public/content/reddit-ama?cmp=tw-na-confreg-home-sld14_solid_twitter_posts"
3 ,"http://blog.longnow.org/02014/09/03/drew-endy-seminar-primer/"
0 ,"http://shop.oreilly.com/category/deals/strata-celebration.do?code=CFSTSC4&cmp=tw-strata-books-videos-info-stsc14_celebration_of_strata"
11 ,"http://www.modernluxury.com/san-francisco/story/the-benioff-doctrine"
3 ,"https://medium.com/@quinnnorton/twitter-i-love-you-but-youre-bringing-me-down-96f86c76b9d6"
0 ,"http://shop.oreilly.com/category/deals/ios.do?code=WKIOS8"
0 ,"http://www.washingtonpost.com/sf/investigative/2014/09/06/stop-and-seize/?post_id=837072795_10153178956682796#_=_"
0 ,"https://plus.google.com/+TimOReilly/posts/NVZVmG1ct6C"
0 ,"http://touchcast.com/Knomadic/tim_oreilly_foo_camp_2014"
0 ,"http://fluentconf.com/fluent2014/public/sv/q/553?cmp=tw-prog-confreg-info-fl14_tweet_general"
6 ,"http://www.aei-ideas.org/2014/04/creative-destruction-2013-newspaper-ad-revenue-continued-its-precipitous-free-fall-and-its-probably-not-over-yet/"
20 ,"http://solidcon.com/solid2014/public/cfp/321"
0 ,"https://twitter.com/dalepd/status/479267382360543232/photo/1"
3 ,"https://peerj.com/articles/434/"
0 ,"http://www.vox.com/2014/7/28/5945197/the-amazing-news-buried-inside-a-283-page-medicare-report?utm_medium=social&utm_source=twitter&utm_campaign=voxdotcom&utm_content=friday"
4 ,"http://www.idgconnect.com/abstract/5833/the-rising-amazed-innovation-middle-east"
3 ,"http://CitizenOnboard.com/"
4 ,"http://spectrum.ieee.org/geek-life/profiles/leila-madrone-solar-energy-roboticist"
0 ,"http://www.goodearth.in/earthsong/the-monsoon-reading-list/"
8 ,"http://ecorner.stanford.edu/authorMaterialInfo.html?mid=3054"
0 ,"http://www.theatlantic.com/business/archive/2014/08/the-wonderful-weird-economics-of-burning-man/376108/?single_page=true"
5 ,"http://www.theatlantic.com/magazine/archive/2014/03/get-ready-to-roboshop/357569/"
7 ,"https://www.techdirt.com/articles/20140602/05510527434/john-oliver-stop-calling-it-net-neutrality-its-preventing-cable-company-fkery.shtml"
0 ,"http://www.forbes.com/sites/mgiresearch/2014/03/04/the-future-of-venture-capital-tech-valuations-and-the-fate-of-tech-incumbents-conversation-with-bill-janeway/?utm_content=buffer80070&utm_medium=social&utm_source=twitter.com&utm_campaign=buffer"
26 ,"https://play.google.com/store/apps/details?id=com.timehop"
0 ,"https://twitter.com/OReillySolid/lists/solid-speakers"
14 ,"http://rideonewheel.com/"
0 ,"http://press.chairish.com/post/94447457231/chairish-receives-4-million-series-a-investment"
7 ,"http://www.brainpickings.org/index.php/2014/03/06/italo-calvino-procrastination/"
80 ,"http://newsoffice.mit.edu/2014/algorithm-recovers-speech-from-vibrations-0804"
10 ,"http://www.citylab.com/cityfixer/2014/09/why-the-people-in-charge-of-transit-systems-should-be-required-to-actually-ride-transit/379931/"
9 ,"http://www.theverge.com/2014/6/12/5804070/the-amazing-animation-software-behind-how-to-train-your-dragon-2"
0 ,"https://www.secret.ly/p/elrirxkhbvtrgcklsrnvrtyrvf"
0 ,"http://m.espn.go.com/wireless/story?storyId=10895607"
3 ,"https://medium.com/@matthewstoller/5-reasons-for-the-zephyr-teachout-phenomenon-and-5-reasons-andrew-cuomo-will-still-be-governor-8eeb3fc1ec22"
25 ,"http://www.theverge.com/2014/3/13/5488558/danah-boyd-interview-the-era-of-facebook-is-an-anomaly"
10 ,"http://www.whitehouse.gov/blog/2014/06/18/president-obama-white-house-maker-faire-today-s-diy-tomorrow-s-made-america"
10 ,"http://www.bbc.com/news/entertainment-arts-28581726"
3 ,"http://techpresident.com/news/25239/new-us-digital-service-looks-avoid-it-catastrophes"
4 ,"http://www.technologyreview.com/featuredstory/528131/cracking-the-brains-codes/"
0 ,"https://www.youtube.com/watch?v=_ynH_rvWHXw"
4 ,"http://fluentconf.com/fluent2014/public/schedule/presentations?cmp=tw-prog-confreg-info-fl14_promoted_tweet"
3 ,"http://www.jwz.org/blog/2014/09/why-we-believe-apple/"
88 ,"http://www.forbes.com/sites/kateharrison/2014/01/09/the-best-startup-advice-from-14-tech-heroes/"
0 ,"https://www.eventbrite.com/e/civic-tech-entrepreneurship-opportunities-tickets-11298808039"
13 ,"http://www.slideshare.net/timoreilly/lessons-for-the-industrial-internet-pdf-with-notes"
176 ,"http://www.nybooks.com/articles/archives/2014/may/08/thomas-piketty-new-gilded-age/"
0 ,"http://www.oreilly.com/solid/free/software-hardware-collide.csp?cmp=tw-na-confreg-home-sld14_solid_twitter_posts"
4 ,"http://schedule.sxsw.com/2014/events/event_IAP22663"
0 ,"http://www.technologyreview.com/view/523621/tesla-motors-over-the-air-repairs-are-the-way-forward/?utm_campaign=socialsync&utm_medium=social-post&utm_source=twitter"
13 ,"http://www.whitehouse.gov/blog/2014/03/11/geeksgetcovered"
0 ,"http://stephenperse.wordpress.com/2014/08/12/a-journey-to-the-googleplex-a-new-way-of-thinking/"
0 ,"http://www.govtech.com/local/How-Will-Jennifer-Pahlkas-Year-with-the-Feds-Impact-Code-for-America-Operations.html"
10 ,"http://www.ft.com/cms/s/2/f2eaf634-baca-11e3-8b15-00144feabdc0.html#axzz2yD5DQnoz"
20 ,"http://time.com/2992705/when-man-met-moon/"
0 ,"http://velocityconf.com/velocityny2014/public/schedule/detail/37891"
7 ,"http://www.brainpickings.org/index.php/2014/02/11/brockman-what-should-we-be-worried-about/"
0 ,"https://plus.google.com/+TimOReilly/posts/JUPjG8whL9Y"
0 ,"https://twitter.com/Iearnsomething/status/439560540549951489/photo/1"
22 ,"https://www.kickstarter.com/projects/fon/gramofon-modern-cloud-jukebox"
0 ,"http://www.oreilly.com/ug/?cmp=tw-npa-lp-ug-program"
4 ,"http://www.rollingstone.com/culture/news/bill-gates-the-rolling-stone-interview-20140313?print=true"
0 ,"http://radar.oreilly.com/2014/08/programming-in-concert-mode.html"
0 ,"http://www.eventbrite.com/e/tim-oreilly-and-jim-stogdill-explore-software-hardware-everywhere-tickets-10738718797"
15 ,"http://pando.com/2014/02/21/the-problem-with-whatsapps-privacy-boasts-theyre-not-true/"
12 ,"http://pando.com/2014/06/02/three-of-the-largest-tech-acquisitions-in-2014-are-hardware-companies/"
4 ,"http://www.techradar.com/news/phone-and-communications/mobile-phones/sensory-overload-how-your-smartphone-is-becoming-part-of-you-1210244"
5 ,"http://blogs.barrons.com/incomeinvesting/2014/05/23/barclays-downgrades-electric-utility-bonds-sees-viable-solar-competition/"
48 ,"http://www.whitehouse.gov//innovationfellows/projects#section-round-3"
0 ,"http://spark59.com/workshops/running-lean-sf?utm_content=bufferb5f26&utm_medium=social&utm_source=twitter.com&utm_campaign=buffer"
0 ,"http://gizmodo.com/meet-the-crazy-camera-that-could-make-movies-for-the-oc-1557318674?utm_campaign=socialflow_gizmodo_twitter&utm_source=gizmodo_twitter&utm_medium=socialflow"
5 ,"http://blog.instagram.com/post/91945904737/thatpipeagain"
12 ,"http://www.wired.com/2014/08/healthcare-gov/"
9 ,"http://solidcon.com/solid2014/public/content/tweet-chat?cmp=tw-na-confreg-info-sld14_#iotchat_tweet_event_april_9"
0 ,"https://news.ycombinator.com/item?id=7959983"
4 ,"http://www.oreilly.com/solid/free/building-a-solid-world.csp"
3 ,"http://radar.oreilly.com/2013/09/data-analysis-just-one-component-of-the-data-science-workflow.html"
0 ,"http://mobile.thegrio.com/all/2014-08-04-please-dont-panic-about-ebola-heres-what-you-need-to-know#6"
9 ,"http://www.bbc.com/news/world-us-canada-29310475"
0 ,"http://shop.oreilly.com/product/9780596809614.do?cmp=tw-na-books-videos-product-dow_weekly_deal_tweet&code=VDWK"
21 ,"http://www.theguardian.com/science/brain-flapping/2014/jul/21/famous-science-history-twitter-humour"
7 ,"http://www.fastcoexist.com/3029423/this-sleek-commuter-bike-has-a-secret-you-hardly-have-to-pedal"
4 ,"http://makezine.com/2014/08/26/behind-the-scenes-the-build-at-burning-man/"
0 ,"http://www.sec.gov/divisions/corpfin/guidance/xbrl-calculation-0714.htm"
14 ,"http://www.theatlantic.com/features/archive/2014/02/american-aqueduct-the-great-california-water-saga/284009/"
16 ,"http://radar.oreilly.com/2012/11/investigating-data-journalism.html"
0 ,"http://radar.oreilly.com/four-short-links"
0 ,"http://plenar.io/examples"
0 ,"http://www.washingtonpost.com/blogs/wonkblog/wp/2013/01/24/think-obamas-a-huge-spender-then-you-need-to-see-these-two-charts/"
0 ,"http://www.healthit.gov/buzz-blog/consumer/introducing-blue-button-connector/?utm_source=feedburner&utm_medium=feed&utm_campaign=Feed%3A+healthitbuzzblog+%28Health+IT+Buzz+Blog%29"
6 ,"https://plus.google.com/events/c0s9a64ic09egcmah3betkcmjmo"
0 ,"http://shop.oreilly.com/product/110000139.do?cmp=gplus-prog-confreg-info-fl14_g_plus_post"
3 ,"http://pirategrunt.com/2014/02/01/an-idiot-learns-bayesian-analysis-part-2/"
0 ,"http://radar.oreilly.com/2014/01/lessons-learned-from-my-time-at-the-cfpb.html?utm_content=buffera2715&utm_medium=social&utm_source=twitter.com&utm_campaign=buffer"
0 ,"http://www.youtube.com/watch?v=SXgurlJC5DA&feature=youtu.be"
0 ,"https://plus.google.com/+TimOReilly/posts/M1kH7bErNDm"
27 ,"http://www.oreilly.com/biocoder/"
3 ,"http://fredrikdeboer.com/2014/07/09/chasing-skills-is-a-bad-bet-and-bad-policy/"
0 ,"https://www.eventbrite.com/e/civic-tech-entrepreneurship-opportunities-tickets-11298808039?utm_content=bufferab142&utm_medium=social&utm_source=twitter.com&utm_campaign=buffer"
0 ,"http://www.washingtonpost.com/blogs/the-switch/wp/2014/08/11/white-house-launches-u-s-digital-service-with-healthcare-gov-fixer-at-the-helm/"
14 ,"http://seriouspony.com/blog/2013/7/24/your-app-makes-me-fat"
3 ,"http://www.codeforamerica.org/blog/2014/06/28/john-stewart-youre-getting-your-wish/"
3 ,"http://animals.oreilly.com/interview-alasdair-davies/"
0 ,"http://www.howdoyoucode.com/"
117 ,"http://www.urbanobservatory.org"
23 ,"http://pando.com/2014/03/20/on-indiegogo-a-miracle-health-device-raises-730k-and-a-whole-load-of-red-flags/"
0 ,"http://www.pinterest.com/scienceatlife/maker-faire-uk-2014-meet-the-makers/"
15 ,"http://thehealthcareblog.com/blog/2013/09/15/give-us-our-damn-lab-results/"
0 ,"https://vine.co/v/OWMYLzpDVpj"
25 ,"http://www.bbc.com/news/magazine-27186709"
16 ,"http://makezine.com/2014/05/15/first-look-at-the-new-arduino-zero/"
3 ,"http://www.businessinsider.com/why-do-us-police-kill-so-many-people-2014-8"
4 ,"http://occupywallstreet.net/story/explaining-white-privilege-broke-white-person"
0 ,"http://shop.oreilly.com/category/deals/velocity-celebration.do?cmp=tw-velocity-books-videos-lp-promo_20140624_3day_promo_celebrating_velocity"
0 ,"http://www.govtech.com/state/Mike-Powell-op-ed.html"
0 ,"https://plus.google.com/+TimOReilly/posts/WySK63oPskZ"
0 ,"http://agency.governmentjobs.com/sandiego/default.cfm"
0 ,"http://shop.oreilly.com/category/deals/webs-bday.do?cmp=tw-na-books-videos-lp-dod_daily_tweet&code=DEAL"
0 ,"http://shop.oreilly.com/category/deals/farewell-microsoft-press.do?code=WKFAREW&cmp=tw-ms-books-videos-lp-promo_msp_farewell"
102 ,"http://www.kclibrary.org/?q=community-bookshelf"
24 ,"http://qz.com/216609/netflixs-video-error-message-is-a-clever-attack-on-cable-companies/"
3 ,"http://news.yahoo.com/american-police-departments-losing-tons-military-grade-weaponry-174620174.html"
11 ,"http://theweek.com/article/index/268131/how-this-one-independent-candidate-from-kansas-could-end-up-ruling-the-senate"
95 ,"https://www.liftlabsdesign.com/"
115 ,"http://www.whitehouse.gov/blog/2014/02/03/announcing-first-white-house-maker-faire"
11 ,"http://www.azlyrics.com/lyrics/bastille/pompeii.html"
0 ,"https://plus.google.com/hangouts/onair/watch?hid=hoaevent/ca20e3ds6fege93ilb163di37go&wpsrc=yta&ytl=k5dO0cbBr6E"
27 ,"http://www.whitehouse.gov/blog/2014/01/23/big-data-and-future-privacy"
0 ,"http://www.govtech.com/transportation/App-Helps-Boston-Parents-Track-School-Buses-through-Blizzards.html?elq=6530d7c334f44a41ac425ecf9a4083b9&elqCampaignId=6258"
3 ,"https://chrome.google.com/webstore/detail/search-plus/cdpohbejnbclggljmoijjcpdhbaaijfm"
1002 ,"https://www.healthcare.gov/"
0 ,"https://www.youtube.com/watch?v=jvG6GbqxNfY&list=PL055Epbe6d5Y2Jzhd7eAhpXFflvRpjqjb&index=42"
19 ,"http://shop.oreilly.com/product/0636920030584.do"
7 ,"https://peerj.com/about/careers/"
5 ,"http://www.greentechmedia.com/articles/read/an-airbnb-or-uber-for-the-electricity-grid"
0 ,"http://sunlightfoundation.com/blog/2014/09/19/sign-the-letter-open-u-s-state-legislative-data/"
4 ,"http://www.washingtonpost.com/opinions/henry-kissinger-to-settle-the-ukraine-crisis-start-at-the-end/2014/03/05/46dad868-a496-11e3-8466-d34c451760b9_story.html"
4 ,"http://www.aspenideas.org/live"
7 ,"http://www.fastcolabs.com/3026669/can-these-consumer-apps-crack-the-education-space"
0 ,"http://shop.oreilly.com/category/deals/ios.do?code=WKIOS8&cmp=tw-prog-books-videos-lp-promo_master_the_new_ios_8"
0 ,"https://www.youtube.com/watch?v=jvG6GbqxNfY&list=UU3BGlwmI-Vk6PWyMt15dKGw"
0 ,"https://www.thunderclap.it/projects/11421-re-start-the-mayday-pac"
0 ,"http://www.amazon.com/dp/159240751X/ref=cm_sw_su_dp"
0 ,"http://radar.oreilly.com/2014/04/wearable-intelligence.html?cmp=tw-na-confreg-home-sld14_solid_twitter_posts"
19 ,"http://www.newyorker.com/magazine/2014/06/23/get-out-of-jail-inc"
0 ,"http://www.citylab.com/work/2014/02/north-korea-night-looks-big-black-hole/8484/"
7 ,"http://www.theatlantic.com/business/archive/2014/09/science-tells-you-how-many-minutes-should-you-take-a-break-for-work-17/380369/"
3 ,"https://www.kickstarter.com/projects/324375300/vest-a-sensory-substitution-neuroscience-project"
19 ,"http://gizmodo.com/wile-away-your-friday-by-designing-your-own-fantasy-tra-1593813740"
0 ,"http://philosophical-quotes.com/2156.html"
0 ,"http://ia601802.us.archive.org/1/items/gov.uscourts.cand.267289/gov.uscourts.cand.267289.46.0.pdf"
0 ,"http://www.npr.org/blogs/thetwo-way/2014/07/19/332879409/states-that-raised-minimum-wage-see-faster-job-growth-report-says?utm_source=twitter.com&utm_campaign=npr&utm_medium=social&utm_term=nprnews"
0 ,"http://www.oreilly.com/pub/e/2999?cmp=tw-prog-webcast-info-webcast_prog_tweet"
0 ,"http://www.gingrichproductions.com/2014/03/christie-and-tesla/"
4 ,"http://monocle.com/radio/shows/the-urbanist/119/"
36 ,"http://www.theguardian.com/sustainable-business/michael-porter-health-happiness-index"
3 ,"http://www.accountingtoday.com/news/government_news/tech-companies-concerned-about-legislation-to-limit-xbrl-filing-70771-1.html"
6 ,"http://recode.net/2014/02/26/what-health-care-can-learn-from-amazon/"
4 ,"http://teachinghumans.com/maker-culture-as-a-learning-model/"
4 ,"http://sunlightfoundation.com/blog/2014/02/06/codeacross-is-here/"
15 ,"http://www.truth-out.org/news/item/24876-monsantos-herbicide-linked-to-fatal-kidney-disease-epidemic-will-ckdu-topple-monsanto"
1002 ,"http://www.whitehouse.gov/live"
6 ,"http://www.life.org.uk/whats-on/maker-faire-uk-2014#.U1kTTlVdWSq"
0 ,"http://blog.sfgate.com/sfmoms/2014/07/17/its-now-a-crime-to-let-your-kid-play-alone-at-the-park/?utm_content=buffer33fca&utm_medium=social&utm_source=twitter.com&utm_campaign=buffer"
34 ,"https://medium.com/message/the-secret-of-minecraft-97dfacb05a3c"
77 ,"http://www.theguardian.com/commentisfree/2014/feb/28/snowden-privacy-products-trustycon-2014"
7 ,"http://www.dezeen.com/2014/05/08/3d-printers-have-a-lot-to-learn-from-the-sewing-machine/"
34 ,"http://www.wired.com/2014/06/healthcare-gov-revamp/"
103 ,"https://www.data.gov/climate/"
0 ,"http://www.washingtonpost.com/blogs/blogpost/post/the-man-behind-the-magnitsky-act-explains-why-now-is-the-time-to-go-after-the-russian-elites-assets/2014/03/03/3ccdaf32-a331-11e3-b865-38b254d92063_blog.html?wprss=rss_AllWPStoriesandBlogs&Post+generic=%3Ftid%3Dsm_twitter_washingtonpost"
0 ,"http://www.thetimes.co.uk/tto/news/world/europe/article4090454.ece"
12 ,"http://www.cnbc.com/id/101348398"
12 ,"https://www.youtube.com/watch?v=VOYj6NJz-VA"
28 ,"https://www.youtube.com/watch?v=i83OoWiZl10"
4 ,"http://radar.oreilly.com/2014/06/cloud-security-is-not-an-oxymoron-2.html"
0 ,"https://www.swarmapp.com/timoreilly/checkin/533c2ea2498e1b56fb98fa47?s=eYXbuPwS-xEU0fnf8cVjQTXZPuM&ref=tw"
337 ,"http://mashable.com/2014/04/09/heartbleed-bug-websites-affected/#:eyJzIjoidCIsImkiOiJfY3BvdzM2cTRwemt1YjlybCJ9"
4 ,"http://continuations.com/post/85518392495/now-is-the-time-for-all-good-engineers-and-scientists"
10 ,"http://www.theguardian.com/books/2013/jun/06/john-green-never-self-publish"
20 ,"http://websummit.net/speakers"
0 ,"http://sports.yahoo.com/blogs/nba-ball-dont-lie/warriors-coach-mark-jackson-dominates-stephen-curry-three-180019224--nba.html"
6 ,"http://www.consumerfinance.gov/jobs/technology-innovation-fellows/"
0 ,"http://shop.oreilly.com/product/110000087.do?cmp=tw-na-books-videos-product-dow_weekly_deal_tweet&code=VDWK"
0 ,"http://www.timesunion.com/business/article/Looking-west-for-fast-track-guidance-5760404.php"
0 ,"https://www.linkedin.com/today/post/article/20121029141916-16553-language-is-a-map?trk=mp-author-card&_mSplash=1&utm_content=buffer985fc&utm_medium=social&utm_source=twitter.com&utm_campaign=buffer"
3 ,"http://mcfunley.com/data-driven-products-now"
0 ,"http://www.meetup.com/CoreOS-London/events/206814132/"
24 ,"http://www.oreillynet.com/pub/a/oreilly/tim/articles/buy_where_shop.html"
4 ,"http://e-pluribusunum.com/2014/05/01/pcast-report-on-big-data-and-privacy-to-emphasize-value-of-encryption-need-for-policy/"
0 ,"https://gsafas.secure.force.com/apply"
7 ,"http://motherboard.vice.com/read/commercial-drones-are-completely-legal-a-federal-judge-ruled"
0 ,"http://www.vox.com/2014/6/18/5818386/heres-how-much-people-are-paying-for-obamacare?utm_medium=social&utm_source=twitter&utm_name=staff&utm_term=voxdotcom&utm_content=wednesday"
0 ,"https://storify.com/timoreilly/technological-revolutions-and-cultural-revolutions?utm_content=storify-pingback&utm_medium=sfy.co-twitter&utm_campaign=&utm_source=direct-sfy.co&awesm=sfy.co_bmgs"
0 ,"http://shop.oreilly.com/product/9780123877932.do?cmp=tw-na-books-videos-product-dod_daily_tweet&code=DEAL"
0 ,"http://www.statetechmagazine.com/article/2014/08/meet-los-angeless-first-chief-data-officer"
4 ,"http://techcrunch.com/2014/09/16/fastly-growing-quickly-snags-40m-as-vcs-give-generously/"
0 ,"https://www.swarmapp.com/timoreilly/checkin/5334c19b498e6b83b9bc728a?s=gUKj_Jl2drRIgimocykbT2Cnu1k&ref=tw"
0 ,"http://m.motherjones.com/kevin-drum/2014/08/ferguson-cops-hand-out-three-warrants-household-every-year"
0 ,"http://velocityconf.com/velocityeu2014/public/schedule/presentations?cmp=tw-velocity-confsched-info-vleu14_velocity_eu_2014_sessions_twitter"
3 ,"http://www.commonwealthclub.org/events/2014-01-28/erik-brynjolfsson-and-andrew-mcafee-second-machine-age"
0 ,"http://m.democracyjournal.org/689527/show/f79305c91525d3396b94a9fa03927a22/"
4 ,"http://www.newyorker.com/tech/elements/why-the-climate-corporation-sold-itself-to-monsanto"
8 ,"http://www.vox.com/2014/8/21/6053819/white-house-cybersecurity-czar-brags-about-his-lack-of-technical"
17 ,"http://venturebeat.com/2014/03/21/turkeys-twitter-ban-backfires-tweets-up-138-vpn-usage-up-topic-trends/"
7 ,"http://www.knightfoundation.org/media/uploads/publication_pdfs/knight-civic-tech.pdf"
0 ,"http://tv.slashdot.org/video/?embed=84a2xwbzoEBZtzmUkBax_cBuo6JEBuN9"
31 ,"http://slatestarcodex.com/2014/04/28/the-control-group-is-out-of-control/"
6 ,"http://www.theatlantic.com/technology/archive/2014/02/our-rover-on-mars-looked-into-the-sky-and-saw-earth/283652/"
7 ,"http://blog.longnow.org/02014/02/28/enobooks/"
9 ,"http://www.forbes.com/sites/gregsatell/2014/03/04/5-important-facts-that-the-western-press-is-getting-terribly-wrong-in-ukraine/"
0 ,"http://radar.oreilly.com/2014/04/ioth-the-internet-of-things-and-humans.html?cmp=tw-na-confreg-home-sld14_solid_twitter_posts"
0 ,"http://www.theguardian.com/politics/commentisfree/2014/sep/16/-sp-is-this-the-end-of-britishness?CMP=twt_gu"
0 ,"http://www.instructables.com/id/Text-Engraving-on-the-Othermill/"
37 ,"http://www.whitehouse.gov/blog/2014/03/06/presidential-innovation-fellows-round-3-serve-create-innovate"
14 ,"http://www.citylab.com/crime/2014/08/where-more-americans-die-at-the-hands-of-police/379067/"
3 ,"http://vimeo.com/104144890"
49 ,"http://www.businessweek.com/articles/2014-06-24/googles-sundar-pichai-king-of-android-master-of-mobile-profile"
5 ,"http://radar.oreilly.com/2014/02/why-solid-why-now.html"
9 ,"http://www.vox.com/2014/4/11/5602188/the-secs-just-been-caught-colluding-with-the-banks-its-supposed-to"
0 ,"http://solidcon.com/solid2014/public/content/about?cmp=tw-na-confreg-home-sld14_solid_twitter_posts"
5 ,"http://www.sci-news.com/biology/science-asian-elephants-distress-01771.html"
25 ,"http://www.cvshealth.com/research-insights/health-topics/this-is-the-right-thing-to-do"
3 ,"http://www.washingtonpost.com/blogs/monkey-cage/wp/2014/08/25/americans-dont-like-protests-but-protests-may-work-anyway/"
0 ,"https://plus.google.com/+TimOReilly/posts/NGZmQLE392X"
0 ,"http://www.inc.com/30under30/applicant/044705/aunt-bertha-inc.html?cid=sf01001"
0 ,"http://www.washingtonpost.com/blogs/the-fix/wp/2014/06/27/americans-were-for-immigration-before-they-were-against-it/?Post+generic=%3Ftid%3Dsm_twitter_washingtonpost"
0 ,"https://www.youtube.com/watch?v=IYgLAJbrhtg&list=PL055Epbe6d5Y2Jzhd7eAhpXFflvRpjqjb&index=17"
0 ,"http://radar.oreilly.com/2014/07/need-parking-theres-no-app-for-that-yet.html"
7 ,"http://e-pluribusunum.com/2013/09/28/hedge-fund-use-of-government-data-for-business-intelligence-shows-where-the-value-is/"
0 ,"http://newsoffice.mit.edu/2014/social-physics-0304"
