days, mement, link
225 , 11 ,"http://pando.com/2014/02/25/revenge-of-the-nerds-how-tech-geeks-found-a-secret-weapon-in-their-fight-against-big-hollywood/"
566 , 3 ,"http://reinventors.net/roundtables/reinvent-government-procurement/#sthash.VM0qiNqe.uxfs"
1283 , 3 ,"http://reconnectingamerica.org/laequityatlas/index.php"
3439 , 1002 ,"http://radar.oreilly.com/"
960 , 19 ,"https://www.aclu.org/blog/national-security-technology-and-liberty/edward-snowden-talk-privacy-tech-community-sxsw"
642 , 41 ,"http://techcrunch.com/2014/01/23/pch-acquires-shoplocket/"
183 , 18 ,"http://violentmetaphors.com/2014/03/25/parents-you-are-being-lied-to/"
2319 , 5 ,"http://radar.oreilly.com/2014/03/podcast-thinking-with-data.html"
229 , 7 ,"http://www.theguardian.com/commentisfree/2014/feb/14/family-first-world-war-experiences-these-are-mine"
728 , 42 ,"http://www.oreilly.com/dataweek/"
4635 , 6 ,"http://www.cbsnews.com/videos/new-technology-makes-customers-better-tippers/"
283 , 63 ,"http://www.brainpickings.org/index.php/2013/12/16/writers-wakeup-times-literary-productivity-visualization/"
1323 , 18 ,"http://qz.com/206705/the-us-lawyer-bubble-has-conclusively-popped/"
2340 , 52 ,"http://qpdf.sourceforge.net"
295 , 5 ,"http://blog.unglue.it/2014/04/30/thanks-for-ungluing-launches/"
5 , 7 ,"http://www.slate.com/articles/health_and_science/medical_examiner/2014/09/why_ebola_is_terrifying_and_dangerous_it_preys_on_family_caregiving_and.html"
317 , 5 ,"http://www.moore.org/programs/science/data-driven-discovery/ddd-investigators"
229 , 4 ,"http://www.parley.tv/thevortexproject#vortex1"
2597 , 6 ,"http://www.scientificamerican.com/article/strange-but-true-cats-cannot-taste-sweets/"
1938 , 30 ,"http://www.slideshare.net/timoreilly/government-for-the-people-by-the-people-in-the-21st-century"
468 , 142 ,"https://mayday.us/"
2315 , 3 ,"http://solidcon.com/solid2014/public/schedule/list"
216 , 4 ,"http://radar.oreilly.com/2014/02/oobleck-security.html"
294 , 3 ,"http://pando.com/2014/02/14/bulletproof-yourself-how-dave-asprey-is-teaching-valley-insiders-to-hack-their-biology/"
555 , 5 ,"http://www.sciencefriday.com/segment/01/24/2014/is-coding-the-language-of-the-digital-age.html"
4619 , 3 ,"http://edge.org/conversation/whats-new-in-the-universe"
, 1002 ,"http://www.whitehouse.gov/"
153 , 6 ,"http://blogs.reuters.com/felix-salmon/2014/04/25/the-piketty-pessimist/"
359 , 5 ,"http://www.vox.com/2014/5/8/5669120/how-the-us-stopped-its-fisheries-from-collapsing"
217 , 4 ,"http://www.cnn.com/2014/02/20/opinion/schneier-nsa-too-big/index.html?hpt=hp_t4"
223 , 4 ,"http://www.theatlantic.com/politics/archive/2014/02/tom-perkins-has-a-fascinating-radical-un-american-voting-plan/283846/"
430 , 9 ,"http://www.newrepublic.com/article/117691/aids-hit-united-states-harder-other-developed-countries-why"
30 , 56 ,"http://www.theverge.com/2014/8/26/6067663/this-is-ubers-playbook-for-sabotaging-lyft"
129 , 3 ,"https://twitter.com/ProfJeffJarvis/status/499203310189289473"
6 , 3 ,"http://www.electronista.com/articles/14/09/18/missing.language.suggests.apple.has.received.patriot.act.request/"
196 , 8 ,"http://www.businessweek.com/articles/2014-03-13/gopro-nears-ipo-as-hybrid-media-company-videocam-maker"
104 , 9 ,"http://www.medscape.com/viewarticle/827675"
147 , 88 ,"http://www.theverge.com/2014/5/1/5666062/foursquare-swarm-new-app"
213 , 3 ,"http://solidcon.com/solid2014/public/schedule/detail/33691"
499 , 5 ,"https://github.com/NelsonMinar/vector-river-map"
233 , 4 ,"http://continuations.com/post/75478096993/stop-tpp-fast-track-at-least-modify-it#_=_"
416 , 5 ,"http://www.petrkeil.com/?p=2104"
1197 , 162 ,"https://www.etsy.com/careers"
548 , 18 ,"https://stopthesecrecy.net/"
26 , 17 ,"http://www.economist.com/news/united-states/21614225-bright-foreigners-study-america-shame-they-cant-stay-coming-and-going"
2284 , 8 ,"https://www.youtube.com/watch?v=nE9mrztIJPU"
622 , 5 ,"http://beautifuldata.net/2014/03/datalicious-notebookmania-my-favorite-7-ipython-notebooks/"
786 , 10 ,"http://www.ed.gov/connected"
617 , 4 ,"http://www.bloomberg.com/news/2013-01-16/davos-collage-spoofs-old-boy-conclave-women-deficit-at-forum.html"
150 , 34 ,"http://www.citylab.com/tech/2014/04/first-look-how-googles-self-driving-car-handles-city-streets/8977/"
3214 , 32 ,"http://techcrunch.com/2014/07/28/uber-for-business/"
40 , 3 ,"http://www.washingtonpost.com/blogs/the-fix/wp/2014/09/10/andrew-cuomo-spent-almost-40-times-as-much-for-his-votes-as-zephyr-teachout/"
213 , 4 ,"http://petewarden.com/2014/02/24/writing-code-is-not-most-programmers-primary-task/"
2720 , 8 ,"http://www.mckinsey.com/insights/business_technology/open_data_unlocking_innovation_and_performance_with_liquid_information?cid=other-eml-alt-mgi-mck-oth-2910"
213 , 3 ,"http://solidcon.com/solid2014/public/schedule/detail/33184"
172 , 8 ,"http://www.vox.com/2014/3/30/5555690/welcome-to-vox"
102 , 104 ,"http://online.wsj.com/articles/andy-kessler-high-frequency-trading-needs-one-quick-fix-1402869253"
535 , 3 ,"http://www.codeforamerica.org/blog/2014/06/10/theres-no-place-like-home/"
148 , 3 ,"http://challengecup.1776dc.com/news/announcing-the-challenge-festival-startup-government-day/"
608 , 3 ,"http://radar.oreilly.com/2014/08/safari-acquisition.html"
2199 , 95 ,"http://money.cnn.com/data/fear-and-greed/"
142 , 14 ,"http://cityofphiladelphia.wordpress.com/2014/05/06/mayor-nutter-signs-executive-order-raising-minimum-wage-for-city-contractors/"
16 , 3 ,"http://www.vox.com/2014/9/9/6121503/obama-isis-speech-honest"
149 , 11 ,"http://makezine.com/2014/04/29/makercon-makers-are-the-new-explorers-of-the-universe/"
252 , 85 ,"http://thinkprogress.org/health/2014/01/16/3172071/jimmy-carter-guinea-worm/"
20 , 4 ,"http://www.brookings.edu/research/interactives/2014/billionaires-us-political-power-index"
1070 , 3 ,"https://www.indiegogo.com/projects/give-a-struggling-young-man-a-new-lease-at-life"
158 , 5 ,"http://calnewport.com/blog/2014/04/20/richard-feynman-didnt-win-a-nobel-by-responding-promptly-to-e-mails/"
1828 , 33 ,"http://www.treehugger.com/slideshows/ocean-conservation/10-marine-species-brink-mass-extinction-due-ocean-acidification/"
1127 , 4 ,"http://buytaert.net/acquia-retrospective-2013"
253 , 4 ,"http://truth-out.org/news/item/21330-dean-baker-the-trans-pacific-partnership-warnings-from-nafta"
2380 , 4 ,"http://fortune.com/2014/09/12/how-third-world-tech-can-help-the-u-s/"
2460 , 6 ,"http://www.rollingstone.com/music/news/hear-neil-youngs-only-love-can-break-your-heart-from-csny-1974-20140701"
29 , 5 ,"http://www.iranhumanrights.org/2014/08/makarem-internet/"
205 , 6 ,"http://betaboston.com/news/2014/03/04/as-white-house-kicks-off-federal-privacy-review-at-mit-officials-have-little-to-offer/"
220 , 5 ,"http://www.analystone.com/watch-authorspeaker-geoffrey-moore-of-crossing-the-chasm-on-big-data/"
42 , 41 ,"https://medium.com/message/ferguson-is-also-a-net-neutrality-issue-6d2f3db51eb0"
12 , 7 ,"http://techcrunch.com/2014/09/13/twitters-huge-mistake/"
233 , 6 ,"https://medium.com/@xor/houston-we-have-a-public-domain-problem-bd971c57dfdc"
86 , 36 ,"http://www.nationaljournal.com/congress/congress-quietly-deletes-a-key-disclosure-of-free-trips-lawmakers-take-20140630"
329 , 3 ,"http://sxsw.com/interactive/news/2014/2014-sxsw-interactive-session-spotlight-its-not-about-tech-%E2%80%93-hack-bureaucracy"
135 , 6 ,"http://nickgrossman.is/post/85523861949/fccs-response-to-the-vc-open-internet-letter"
10 , 3 ,"http://www.codeforamerica.org/blog/2014/09/15/govtech-fund-launch/"
313 , 8 ,"http://blog.peerj.com/post/67476390580/free-publications-in-peerj"
1771 , 3 ,"http://radar.oreilly.com/2014/05/whats-a-tech-company-anyway.html"
87 , 3 ,"http://nymag.com/daily/intelligencer/2014/07/why-robot-journalism-is-great-for-journalists.html?mid=twitter_nymag"
1263 , 10 ,"http://recode.net/2014/03/20/netflix-says-it-really-didnt-want-to-cut-that-traffic-deal-with-comcast/"
1922 , 5 ,"http://radar.oreilly.com/2014/01/lessons-learned-from-my-time-at-the-cfpb.html"
31 , 61 ,"http://www.pewinternet.org/2014/08/26/social-media-and-the-spiral-of-silence/"
883 , 3 ,"http://solidcon.com/solid2014/public/schedule/full/public"
234 , 3 ,"http://www.fiercehealthit.com/story/hhs-rule-change-improves-patient-access-lab-results/2014-02-03"
93 , 3 ,"http://venturebeat.com/2014/06/24/tim-oreilly-wants-tech-heroes-to-change-government-interview/view-all/"
1794 , 15 ,"https://www.mongodb.com/mongodb-world-splash"
20 , 12 ,"http://www.forbes.com/sites/adamhartung/2014/09/05/obama-outperforms-reagan-on-jobs-growth-and-investing/"
169 , 4 ,"http://mattstoller.tumblr.com/post/82233202309/ubers-algorithmic-monopoly-we-are-not-setting-the#notes"
3374 , 14 ,"http://boingboing.net/2014/06/29/internets-own-boy-free-cc-l.html"
507 , 41 ,"http://www.brck.com/"
6 , 4 ,"http://trendsmap.com/v2/Lf62/w"
276 , 11 ,"http://www.dailymail.co.uk/news/article-2592725/Memorising-Bible-drinking-50-cups-coffee-day-From-Darwin-Dickens-historys-biggest-thinkers-spent-days.html"
153 , 18 ,"https://www.kickstarter.com/projects/227461008/gi-bike-the-light-full-size-electric-folding-bike"
920 , 4 ,"http://content.stamen.com/surging-seas-ca"
199 , 5 ,"http://beta.slashdot.org/story/206085"
1942 , 9 ,"http://www.thenation.com/article/181337/anatomy-fergusons-police-riot"
338 , 19 ,"http://www.forbes.com/sites/parmyolson/2013/10/22/how-chinas-xiaomi-does-in-a-week-what-apple-does-in-a-year-update-devices/"
10 , 8 ,"http://www.theguardian.com/politics/2014/sep/15/bob-geldof-scottish-voters-not-break-up-family"
877 , 3 ,"http://boingboing.net/2014/08/25/usb-condom-charge-your-device.html"
145 , 6 ,"http://www.oscon.com/oscon2014/public/schedule/detail/35847?cmp=tw-prog-confreg-info-os14_tweet_general"
20 , 6 ,"http://pando.com/2014/09/08/breaking-new-wage-theft-lawsuit-filed-against-hollywood-giants-as-techtopus-scandal-grows/"
555 , 3 ,"http://radar.oreilly.com/2014/02/i-cyborg.html"
260 , 12 ,"http://velocityconf.com/velocity2014"
555 , 8 ,"http://radar.oreilly.com/2013/11/software-hardware-everywhere.html"
118 , 3 ,"http://www.computing.co.uk/ctg/news/2347412/estonian-plan-for-data-embassies-overseas-to-back-up-government-databases"
156 , 4 ,"http://tech.co/tim-oreilly-ama-2-2014-04#.U1evLU_4-wk.twitter"
3435 , 3 ,"http://nextcity.org/daily/entry/project-for-lean-urbanism-congress-for-the-new-urbanism-andres-duany"
1218 , 23 ,"http://pressurenet.io/"
2566 , 17 ,"http://regressing.deadspin.com/everything-you-know-about-cramps-is-wrong-and-gatorade-1587102837"
227 , 7 ,"http://mattvukas.com/2014/02/10/comcast-definitely-throttling-netflix-infuriating/"
489 , 38 ,"http://www.npr.org/blogs/money/2014/08/27/343415569/whos-in-the-office-the-american-workday-in-one-graph"
3668 , 39 ,"http://www.oreillynet.com/pub/a/oreilly/tim/articles/favebooks_0705.html"
147 , 3 ,"http://radar.oreilly.com/2014/05/who-holds-your-keys.html"
773 , 328 ,"http://online.wsj.com/news/articles/SB10001424052702304360704579419150649284412"
456 , 5 ,"https://www.planet.com/gallery/"
58 , 13 ,"http://motherboard.vice.com/read/if-we-release-a-small-fraction-of-arctic-carbon-were-fucked-climatologist"
360 , 3 ,"http://www.technologyreview.com/news/527836/thermal-camera-turns-many-things-into-interactive-surfaces/"
2187 , 3 ,"http://truth-out.org/news/item/22315-discipline-with-dignity-oakland-classrooms-try-healing-instead-of-punishment"
250 , 7 ,"http://strataconf.com/strata2014/public/content/video"
673 , 16 ,"http://www.streetcredsoftware.com/"
587 , 37 ,"http://www.entrepreneur.com/article/233214"
4500 , 19 ,"http://www.fastcompany.com/44917/he-struck-gold-net-really"
1769 , 7 ,"http://blogmaverick.com/2014/04/03/the-idiots-guide-to-high-frequency-trading/"
930 , 65 ,"https://www.learnsprout.com/"
63 , 35 ,"https://medium.com/message/what-is-public-f33b16d780f9"
134 , 5 ,"http://www.newyorker.com/currency-tag/why-jill-abramson-was-fired"
4614 , 4 ,"http://www.amazon.com/Lincoln-Gettysburg-America-Schuster-Library-ebook/dp/B00AK78PH8/"
286 , 9 ,"http://www.health2con.com/hxr/"
56 , 41 ,"http://aco.nato.int/new-satellite-imagery-exposes-russian-combat-troops-inside-ukraine.aspx"
202 , 3 ,"http://radar.oreilly.com/2014/03/wearables-and-the-immediacy-of-communication.html#more-59288"
2284 , 6 ,"https://www.youtube.com/watch?v=ZFTUPoeup4M"
466 , 14 ,"http://venturebeat.com/2014/01/28/can-tech-innovation-curb-gun-violence-smart-tech-posing-4-million-dollar-challenges-to-find-out/"
2069 , 3 ,"http://www.theguardian.com/society/2014/feb/21/nhs-plan-share-medical-data-save-lives?CMP=twt_fd"
1225 , 83 ,"http://indiewebcamp.com/"
1321 , 3 ,"http://www.techrepublic.com/article/how-open-climate-data-can-improve-community-resilience-against-climate-change/"
128 , 3 ,"http://www.washingtonpost.com/blogs/the-switch/wp/2014/09/15/a-23-million-venture-fund-for-the-government-tech-set/"
90 , 24 ,"https://archive.org/details/TheInternetsOwnBoyTheStoryOfAaronSwartz"
205 , 3 ,"http://radar.oreilly.com/2014/03/reflections-on-eric-raymonds-myth-of-the-fall.html"
229 , 13 ,"http://velocityconf.com/velocityny2014"
215 , 27 ,"http://makezine.com/2014/02/22/hangout-with-tim-oreilly-and-kevin-kelly-talking-about-makers-and-cool-tools/"
144 , 7 ,"http://www.theguardian.com/science/neurophilosophy/2014/may/04/retina-motion-detection-crowdsourced"
199 , 3 ,"https://sciencehack.synbiota.com/"
240 , 6 ,"http://www.theatlantic.com/technology/archive/2014/01/the-illusion-that-makes-it-sound-like-a-pitch-is-constantly-rising/283417/"
5729 , 901 ,"https://www.edx.org/"
15 , 27 ,"http://www.theguardian.com/membership/2014/sep/10/-sp-guardian-editor-alan-rusbridger-welcome-to-guardian-membership"
1695 , 10 ,"http://www.citylab.com/commute/2014/07/how-parking-spaces-are-eating-our-cities-alive/374413/"
367 , 31 ,"http://makernurse.org/"
222 , 6 ,"http://pando.com/2014/04/09/will-the-decline-of-the-mobile-web-hurt-innovation/"
259 , 11 ,"http://www.huffingtonpost.com/2014/01/09/trans-pacific-partnership-obama-boehner_n_4570837.html"
261 , 12 ,"http://www.shirky.com/weblog/2014/01/there-isnt-enough-money-to-keep-educating-adults-the-way-were-doing-it/"
119 , 6 ,"http://nymag.com/daily/intelligencer/2014/06/obama-has-now-fulfilled-his-4-big-promises.html"
400 , 21 ,"http://www.simonsfoundation.org/quanta/20140122-a-new-physics-theory-of-life/"
195 , 3 ,"http://www.badvoltage.org/2014/03/13/1x11/"
37 , 13 ,"http://www.washingtonpost.com/posteverything/wp/2014/08/19/im-a-cop-if-you-dont-want-to-get-hurt-dont-challenge-me/"
523 , 25 ,"http://gizmodo.com/quirkys-new-a-c-unit-smartens-up-your-dumbest-energy-h-1546937658"
713 , 6 ,"http://www.thewire.com/national/2012/10/chart-says-war-drugs-isnt-working/57913/"
208 , 5 ,"http://radar.oreilly.com/2014/04/ioth-the-internet-of-things-and-humans.html"
99 , 9 ,"http://www.theatlantic.com/politics/archive/2014/06/campaign-finance-reform-has-to-be-cross-partisan/372983/"
164 , 51 ,"http://www.bbc.com/news/magazine-26969150"
147 , 12 ,"http://www.hollywoodreporter.com/news/fault-stars-author-john-green-699388"
2074 , 7 ,"http://www.politifact.com/truth-o-meter/statements/2014/mar/27/alison-lundergan-grimes/does-mitch-mcconnell-receive-more-money-lobbyists-/"
105 , 8 ,"http://www.gatesnotes.com/Books/Making-the-Modern-World?WT.mc_id=06_13_2014_smilc_tw&WT.tsrc=Twitter"
929 , 39 ,"http://www.macrumors.com/2014/01/30/apple-iwatch-masimo/"
4669 , 89 ,"http://wordspy.com/words/anecdata.asp"
2400 , 13 ,"http://online.wsj.com/news/articles/SB120425355065601997"
115 , 3 ,"http://amandapalmer.net/blog/20140602/"
24 , 4 ,"http://www.zephoria.org/thoughts/archives/2014/09/01/what-is-privacy.html"
1677 , 3 ,"http://www.washingtonpost.com/blogs/the-switch/wp/2014/08/25/how-the-u-s-digital-service-could-upset-d-c-s-it-vendor-ecosystem/"
557 , 4 ,"http://womanstats.org/substatics/Governmental%20Participation%20by%20Women_2010tif_wmlogo3.png"
135 , 39 ,"http://www.bbc.co.uk/news/world-europe-27388289"
97 , 3 ,"http://diydrones.com/profiles/blogs/dronecon-recap-vid-daniel-mckinnon-what-do-farmers-really-want"
2624 , 13 ,"http://qz.com/223742/there-is-a-secret-ingredient-in-your-burgers-wood-pulp/"
2171 , 68 ,"http://www.cnu.org/liveworkwalk"
257 , 3 ,"http://www.youtube.com/playlist?list=PL055Epbe6d5YX_cD2IDr4dK9Da0Vh6YgI"
1473 , 3 ,"http://awards.designforexperience.com/gallery/2013/public-sector-experience/joel-mahoney-objective-subject"
1413 , 117 ,"http://velocityconf.com/"
236 , 8 ,"http://www.telegraph.co.uk/culture/film/10816014/Hayao-Miyazaki-interview-I-think-the-peaceful-time-that-we-are-living-in-is-coming-to-an-end.html"
236 , 4 ,"http://www.forbes.com/sites/sarahmckinney/2014/02/01/the-future-of-political-engagement-is-here-and-its-called-popvox/"
147 , 7 ,"http://robotenomics.com/2014/05/01/reigniting-the-economy-with-computational-thinking/"
241 , 111 ,"http://www.thedailybeast.com/articles/2014/01/27/the-woody-allen-allegations-not-so-fast.html"
759 , 3 ,"http://radar.oreilly.com/2014/04/leading-by-example-two-stories.html"
159 , 3 ,"http://www.newappsblog.com/2014/04/more-on-the-fermi-paradox-from-david-wallace.html"
4984 , 192 ,"http://www.poemhunter.com/wallace-stevens/"
90 , 12 ,"https://www.aclu.org/blog/national-security-technology-and-liberty/beware-dangers-congress-latest-cybersecurity-bill"
4377 , 7 ,"https://www.safaribooksonline.com/explore/a/"
217 , 15 ,"http://www.businessweek.com/articles/2014-02-20/uber-leads-taxi-industry-disruption-amid-fight-for-riders-drivers"
1344 , 18 ,"http://www.wired.com/2014/06/pch-the-company-quietly-powering-a-boom-in-hardware-startups/"
205 , 47 ,"http://www.slate.com/blogs/xx_factor/2014/03/04/the_dating_ring_a_service_to_fly_nyc_s_single_women_to_male_dominated_san.html"
1918 , 108 ,"http://www.web2summit.com/web2009/public/schedule/detail/10194"
1865 , 5 ,"http://radar.oreilly.com/2014/01/the-new-bot-on-the-block.html"
1246 , 3 ,"https://www.uschamber.com/event/startup-government-conference"
484 , 5 ,"http://www.socialprogressimperative.org/blog/posts/how-do-the-social-progress-index-and-the-legatum-prosperity-index-compare"
5 , 5 ,"http://grist.org/climate-energy/naomi-klein-is-right-unchecked-capitalism-will-destroy-civilization/"
678 , 3 ,"http://shop.oreilly.com/product/0636920032113.do"
211 , 6 ,"http://www.huffingtonpost.com/vala-afshar/fcc-cio-5-ways-to-create_b_4860704.html"
601 , 4 ,"https://diy.org/skills/minecrafter"
808 , 8 ,"http://www.sfgate.com/education/article/Revamped-computer-science-classes-attracting-more-5243026.php#src=fb"
1667 , 3 ,"http://www.cedmagazine.com/news/2014/08/fcc-names-network-neutrality-expert-as-cto"
743 , 4 ,"http://crookedtimber.org/2014/05/27/political-economy-is-political/"
241 , 8 ,"https://www.techdirt.com/articles/20140124/12433225982/doj-says-company-that-vetted-snowden-faked-665000-background-checks.shtml"
153 , 6 ,"http://www.businessinsider.com/heres-the-real-reason-governments-are-cracking-down-on-uber-and-airbnb-2014-4"
4271 , 8 ,"http://www.techrepublic.com/article/googles-master-plan-for-android/"
167 , 18 ,"http://nymag.com/daily/intelligencer/2014/04/problem-with-profitless-start-ups.html"
185 , 4 ,"http://www.whitehouse.gov/blog/2014/03/24/geeksgetcovered-maker-s-story"
42 , 5 ,"http://www.washingtonpost.com/opinions/ferguson-wasnt-black-rage-against-copsit-was-white-rage-against-progress/2014/08/29/3055e3f4-2d75-11e4-bb9b-997ae96fad33_story.html"
165 , 10 ,"http://www.vox.com/2014/4/13/5610356/un-panel-heres-how-we-cut-emissions-and-avoid-a-climate-disaster"
559 , 159 ,"http://m.sfgate.com/news/article/Apple-exploring-cars-medical-devices-to-reignite-5239850.php"
169 , 3 ,"http://www.forbes.com/sites/natalierobehmed/2014/04/09/obama-names-tory-burch-reid-hoffman-as-ambassadors-for-global-entrepreneurship/"
685 , 6 ,"http://www.theamericanconservative.com/articles/the-party-of-innovation/"
291 , 5 ,"http://craigconnects.org/crowdfundinginfographic"
1722 , 6 ,"http://www.businessinsider.com/health-care-spending-growth-slow-2014-7"
34 , 3 ,"http://blogs.plos.org/speakingofmedicine/2014/08/22/global-response-ebola-fever-epidemic-took-long/"
592 , 6 ,"http://www.technologyreview.com/view/511421/the-brain-is-not-computable/"
2642 , 3 ,"http://www.oreilly.com/pub/e/3098"
186 , 156 ,"http://online.wsj.com/news/articles/SB10001424052702303795904579430794212866058"
1442 , 188 ,"http://time.com/10228/obamas-trauma-team/"
541 , 4 ,"https://peerj.com/articles/355/"
1687 , 15 ,"http://thinkprogress.org/justice/2014/02/03/3242381/republicans-trick-voters-donating-democratic-candidates/"
2029 , 6 ,"https://www.youtube.com/playlist?list=PL055Epbe6d5Y2Jzhd7eAhpXFflvRpjqjb"
1298 , 136 ,"http://leafsnap.com/"
2404 , 5 ,"http://articles.latimes.com/1985-04-03/news/mn-28445_1_san-francisco-s-skyline"
8 , 8 ,"http://www.betabrand.com/think-tank/vote/mens-business-suit-onesie-hybrid.html"
388 , 10 ,"http://blogs.telegraph.co.uk/technology/micwright/100010200/winston-churchill-on-arts-funding-how-twitter-twists-history-to-suit-modern-agendas/"
413 , 4 ,"http://svpow.com/2014/02/12/can-peerj-really-be-only-a-year-old/"
2118 , 134 ,"http://online.wsj.com/news/articles/SB10001424052702304315004579381463769362886"
6095 , 1002 ,"http://www.caller.com"
164 , 4 ,"http://govtechfund.com/"
2284 , 6 ,"https://www.youtube.com/watch?v=3aId6jSDSg0"
381 , 165 ,"https://www.kickstarter.com/discover?ref=nav"
1721 , 4 ,"http://www.danah.org/itscomplicated/book-tour/"
204 , 17 ,"http://www.bbc.com/news/science-environment-26455763"
2557 , 3 ,"http://www.fastcompany.com/person/saul-griffith"
1293 , 4 ,"http://www.thestranger.com/seattle/how-a-15-minimum-wage-would-make-everyone-richer/Content?oid=19138455"
555 , 4 ,"http://radar.oreilly.com/2014/04/toward-an-open-internet-of-things.html"
559 , 21 ,"http://www.businessinsider.com/21-enterprise-startups-to-bet-on-2014-1#planet-labs-saving-the-world-with-photos-from-space-15"
931 , 5 ,"http://www.interfluidity.com/v2/5031.html"
555 , 7 ,"http://radar.oreilly.com/2014/02/trope-or-fact-technology-creates-more-jobs-than-it-destroys.html"
2206 , 10 ,"http://recode.net/2014/01/15/googbye-email-addresses-phone-numbers/"
1264 , 43 ,"http://www.akronaccelerator.com"
555 , 3 ,"http://radar.oreilly.com/2014/03/the-new-php.html"
86 , 5 ,"http://radar.oreilly.com/2014/07/tell-us-your-full-stack-story.html"
244 , 13 ,"http://www.people-press.org/2014/01/27/deficit-reduction-declines-as-policy-priority/"
4377 , 7 ,"http://missiontomarshealth.com/about/"
953 , 8 ,"http://ecorner.stanford.edu/authorMaterialInfo.html?mid=3103"
112 , 6 ,"http://www.zdnet.com/visionary-award-winner-tim-oreilly-calls-on-techies-to-help-local-government-7000030231/"
201 , 8 ,"http://www.washingtonmonthly.com/magazine/junejulyaugust_2014/features/the_big_lobotomy050642.php?page=all"
660 , 38 ,"http://www.theverge.com/2014/6/25/5842188/googles-cardboard-turns-your-android-device-into-a-vr-headset"
211 , 6 ,"http://robotenomics.com/about/"
2147 , 95 ,"http://techcrunch.com/2013/12/21/the-ultimate-cheat-sheet-for-selling-anything/"
555 , 5 ,"http://radar.oreilly.com/2014/02/academic-biology-and-its-discontents.html#more-59290"
236 , 4 ,"http://fredrikdeboer.com/2014/02/01/online-education-and-the-desperate-need-for-educational-realism/"
78 , 62 ,"http://www.latimes.com/business/hiltzik/la-fi-mh-kansas-a-smoking-ruin-20140709-column.html"
1079 , 5 ,"http://recode.net/2014/06/24/stripe-inks-monumental-deal-with-alipay-to-connect-chinese-with-western-brands/"
196 , 26 ,"http://makezine.com/2014/03/12/3-reasons-to-join-the-maker-faire-bay-area-street-team/"
281 , 10 ,"http://recode.net/2014/02/14/race-alongside-the-machine/"
3152 , 9 ,"http://www.mckinsey.com/insights/business_technology/opening_up_open_data_an_interview_with_tim_o_reilly"
77 , 115 ,"https://twitter.com/congressedits"
1264 , 3 ,"http://www.technologyreview.com/qa/530901/technology-stalled-in-1970/"
203 , 33 ,"http://qz.com/184019/how-kickstarter-users-raised-nearly-1-billion-the-really-long-tail-of-crowdfunding/"
1237 , 11 ,"http://www.jpl.nasa.gov/news/news.php?release=2014-037"
702 , 10 ,"http://www.transitmix.net/"
44 , 5 ,"https://playbook.cio.gov/"
238 , 9 ,"http://www.oscon.com/oscon2014/public/content/video"
891 , 3 ,"http://www.theguardian.com/world/2014/jul/11/miami-drowning-climate-change-deniers-sea-levels-rising?CMP=fb_gu"
397 , 9 ,"http://www.darpa.mil/opencatalog/index.html"
375 , 5 ,"http://web.mit.edu/bigdata-priv/index.html"
646 , 14 ,"http://tomtunguz.com/tech-consolidation/"
1946 , 5 ,"https://opensource.com/life/14/1/open-hardware-ask-an-engineer"
4747 , 1002 ,"https://www.ifixit.com"
440 , 5 ,"http://seattletimes.com/html/businesstechnology/2023272500_boeing777sfcrashxml.html"
2682 , 5 ,"http://www.scientificamerican.com/article/do-we-need-flame-retardants-in-electronics/"
205 , 3 ,"http://live.fastcompany.com/Event/World_Changing_Ideas_A_QA_With_Andrew_Kassoy_Cofounder_Of_B_Lab"
1926 , 45 ,"http://www.slideshare.net/Timoreilly1/technological-revolutions-and-cultural-revolutions-oscon-2014"
759 , 5 ,"http://radar.oreilly.com/2014/04/the-evolving-purpose-of-design.html"
1218 , 12 ,"http://www.people-press.org/2014/06/26/the-political-typology-beyond-red-vs-blue/"
179 , 29 ,"http://graphics8.nytimes.com/newsgraphics/2014/03/28/autism/cf7ae65edcaeeb82fe3f523d1dfaec50125327d1/0330-web-AUTISM-945.png"
44 , 4 ,"https://www.techdirt.com/articles/20140811/05564728172/spains-ill-conceived-google-tax-law-likely-to-cause-immense-damage-to-digital-commons-open-access.shtml"
234 , 94 ,"http://www.whitehouse.gov/maker-faire"
2284 , 3 ,"http://www.youtube.com/watch?v=ces8hqSNSNg"
1028 , 32 ,"http://www.ustream.tv/channel/hclive02"
4313 , 262 ,"http://www.openp2p.com/pub/a/p2p/2002/12/11/piracy.html"
575 , 5 ,"http://www.marketplace.org/topics/tech/elon-musk-tesla-plan-gigafactory-site"
93 , 7 ,"http://www.huffingtonpost.com/lorelei-kelly/we-need-a-citizen-maker-m_b_5524157.html"
2455 , 4 ,"http://www.code-love.com/2014/02/21/defining-the-internet-of-things-in-one-line/"
351 , 18 ,"http://www.opencompute.org/blog/ocp-summit-v-keynote-videos/"
1378 , 73 ,"http://techcrunch.com/2014/02/15/is-tech-money-good-for-san-franciscos-middle-class-an-economists-perspective/"
521 , 13 ,"http://www.businessinsider.com/the-future-of-the-blockchain-2014-4"
190 , 4 ,"http://boingboing.net/2014/03/19/loomio-democratic-decision-ma.html"
201 , 3 ,"http://www.forbes.com/sites/aarontilley/2014/05/16/why-all-the-best-minds-are-starting-to-flock-to-hardware-not-software/"
1619 , 3 ,"http://radar.oreilly.com/2014/03/the-creep-factor-how-to-think-about-big-data-and-privacy.html"
366 , 15 ,"http://makezine.com/2014/05/30/a-hospital-mini-maker-faire/"
15 , 3 ,"https://medium.com/@lizcastro/5-reasons-catalonia-should-be-on-your-radar-248fa856f6de"
1821 , 5 ,"http://news.discovery.com/earth/weather-extreme-events/mystery-of-death-valleys-moving-rocks-solved-140827.htm"
190 , 5 ,"http://www.businessinsider.com/larry-page-at-ted-2014-3"
232 , 4 ,"http://www.newyorker.com/magazine/2014/02/17/cheap-words?currentPage=all"
207 , 7 ,"http://www.brainpickings.org/index.php/2014/03/07/stewart-brand-reading-list/"
2537 , 6 ,"https://medium.com/the-web-we-make/the-year-i-didnt-retweet-men-79403a7eade1"
215 , 3 ,"http://solidcon.com/solid2014/public/schedule/detail/35424"
30 , 35 ,"http://time.com/3227869/garry-kasparov-its-a-war-stupid/"
1788 , 5 ,"http://danariely.com/2014/02/27/a-beginners-guide-to-irrational-behavior-take-2/"
127 , 257 ,"http://www.theatlantic.com/features/archive/2014/05/the-case-for-reparations/361631/"
172 , 3 ,"https://hi.co/moments/1votdtw6"
147 , 38 ,"http://techcrunch.com/2014/05/01/makespace-the-dropbox-for-physical-storage-packs-up-8-million-led-by-upfront-ventures/"
93 , 6 ,"http://www.theatlantic.com/technology/archive/2014/06/discontinued-gps-networks-and-the-mystery-islands-that-disappear-with-them/373234/"
117 , 5 ,"https://screendoor.dobt.co/code-for-america/2015-fellowship-application"
197 , 3 ,"http://www.brookings.edu/research/reports/2014/03/12-mhealth-china-united-states-mobile-technology-health-care"
254 , 3 ,"http://m.vice.com/read/former-comcast-and-verizon-attorneys-now-manage-the-fcc-and-are-about-to-kill-the-internet"
4377 , 12 ,"https://www.safaribooksonline.com/explore/"
815 , 25 ,"http://www.theguardian.com/money/us-money-blog/2014/jul/24/wall-street-fooling-people"
394 , 7 ,"http://synbiobeta.com/courses/"
555 , 5 ,"http://radar.oreilly.com/2014/08/not-just-the-governments-playbook.html"
4487 , 5 ,"http://www.wordspy.com/words/retro-cameo.asp"
243 , 10 ,"http://www.npr.org/2014/01/25/265802133/antarctic-discovery-a-massive-valley-under-the-ice"
1709 , 4 ,"http://astronomycentral.co.uk/astronomy-the-size-of-stuff/"
225 , 4 ,"http://blog.peerj.com/post/76409008978/celebrating-a-year-of-publishing-at-peerj"
189 , 3 ,"http://www.theatlantic.com/politics/archive/2014/03/the-rise-and-precipitous-fall-of-serious-bipartisan-tax-reform/284525/"
751 , 9 ,"https://atlas.oreilly.com/"
154 , 11 ,"http://www.vox.com/2014/5/6/5678080/voxsplaining-telecom"
2389 , 6 ,"http://www.wired.com/2014/03/ted-brings-back-home"
2171 , 91 ,"http://environment.nationalgeographic.com/environment/energy/great-energy-challenge/global-footprints/#b03g05t20w14"
855 , 794 ,"http://www.whitehouse.gov/innovationfellows"
211 , 6 ,"http://www.theatlantic.com/video/index/358557/magical-new-zealand/"
259 , 4 ,"http://www.theatlantic.com/politics/archive/2014/01/an-awkward-question-for-robert-gates-has-the-deep-state-taken-over/282934/"
0 , 4 ,"http://www.oregonlive.com/environment/index.ssf/2014/09/forest_service_says_media_need.html"
209 , 3 ,"https://www.eventbrite.com/e/solid-local-in-san-francisco-software-hardware-everywhere-tickets-10746451927"
150 , 4 ,"https://photojojo.com/store/awesomeness/power-pot/"
203 , 3 ,"http://www.pewresearch.org/fact-tank/2014/03/06/regional-polls-show-few-ukrainians-russians-want-a-united-single-state/"
2787 , 6 ,"http://scottberkun.com/2013/ten-myths-of-innnovation/"
213 , 3 ,"http://www.commerce.gov/blog/2014/02/24/noaa-moves-unleash-%E2%80%9Cbig-data%E2%80%9D-and-calls-upon-american-companies-help"
2284 , 4 ,"http://www.youtube.com/watch?v=Uz4_hHLBO4o"
243 , 171 ,"https://plus.google.com/+GoogleGlass/posts/axcPPGjVFrb"
397 , 10 ,"http://www.darpa.mil/OpenCatalog/index.html"
169 , 4 ,"http://blogs.wsj.com/venturecapital/2014/06/18/other-machine-co-raises-3m-to-make-desktop-3d-cutters-mainstream/"
1644 , 115 ,"http://www.slate.com/articles/arts/culturebox/2014/05/language_map_what_s_the_most_popular_language_in_your_state.html"
542 , 6 ,"http://www.darpa.mil/Our_Work/I2O/Programs/Probabilistic_Programming_for_Advanced_Machine_Learning_(PPAML).aspx"
105 , 5 ,"http://www.bayesimpact.org/fellowship"
179 , 7 ,"http://www.bloombergview.com/articles/2014-03-31/michael-lewis-doesn-t-like-high-frequency-traders"
89 , 12 ,"http://arstechnica.com/tech-policy/2014/07/model-drone-finds-elderly-man-alive-after-going-missing-for-three-days/"
6 , 3 ,"https://firstlook.org/theintercept/2014/09/18/clapper-denies-lying-announces-new-ethics-policy/"
157 , 38 ,"http://www.bbc.com/news/science-environment-29115845"
2279 , 33 ,"http://techcrunch.com/2014/05/21/cover-sf/"
208 , 12 ,"http://arstechnica.com/apple/2014/03/at-apple-shareholders-meeting-tim-cook-tells-off-climate-change-deniers/"
109 , 72 ,"http://variety.com/2014/digital/news/survey-youtube-stars-more-popular-than-mainstream-celebs-among-u-s-teens-1201275245/"
707 , 49 ,"http://www.buzzfeed.com/miniusanotnormal/25-places-that-look-not-normal-but-are-actually-r-7lct"
438 , 7 ,"http://longnow.org/seminars/02014/mar/24/entrepreneurial-state-debunking-private-vs-public-sector-myths/"
195 , 3 ,"http://radar.oreilly.com/2014/03/lean-urbanism.html"
243 , 32 ,"http://recode.net/2014/01/26/exclusive-google-to-buy-artificial-intelligence-startup-deepmind-for-400m/"
1157 , 4 ,"http://solarsystem.nasa.gov/news/display.cfm?News_ID=38044"
2284 , 4 ,"https://www.youtube.com/watch?v=YbChUpicA4k"
1624 , 420 ,"http://startupquote.com"
290 , 4 ,"http://solidcon.com/solid2014/public/content/video"
121 , 39 ,"http://www.santaclarita.com/blog/view.php?blog_entry_id=31138"
545 , 7 ,"http://www.smh.com.au/business/place-for-publicprivate-partnerships-in-cyberspace-20130328-2gxdp.html"
581 , 9 ,"http://russelldavies.typepad.com/planning/2013/10/death-to-innovation.html"
153 , 4 ,"http://mashable.com/2014/04/25/tesla-ftc/#:eyJzIjoidCIsImkiOiJfbmpzZHlyc3p4eWEyejdyZyJ9"
2982 , 4 ,"http://radar.oreilly.com/2014/03/exploring-software-hardware-everywhere.html"
533 , 6 ,"http://www.newrepublic.com/article/112871/carl-malamud-lawsuit-fight-make-building-regulations-truly-fee"
2572 , 4 ,"http://www.project-syndicate.org/commentary/kenneth-rogoff-identifies-several-obstacles-to-keeping-living-standards-on-an-upward-trajectory"
1253 , 18 ,"http://www.whitehouse.gov/blog/2014/01/08/first-ladys-box-seats-2014-state-union"
199 , 142 ,"http://www.newrepublic.com/article/117088/silicons-valleys-brutal-ageism"
298 , 4 ,"http://www.engadget.com/2014/09/15/us-fines-would-have-destroyed-yahoo/"
206 , 20 ,"http://nymag.com/daily/intelligencer/2014/03/upworthy-team-explains-its-success.html"
555 , 4 ,"http://radar.oreilly.com/2014/02/self-directed-learning-and-oreillys-role-in-the-connected-program.html"
125 , 10 ,"http://www.slideshare.net/timoreilly/software-above-the-level-of-a-single-device-35022910"
324 , 3 ,"http://tedxmarketstreet.com"
548 , 4 ,"http://puppetlabs.com/blog/improving-devops-survey-how-and-why"
547 , 12 ,"http://mako.cc/copyrighteous/google-has-most-of-my-email-because-it-has-all-of-yours"
92 , 4 ,"http://blog.peerj.com/post/89751390423/author-interview-meadow-microbiome-phones"
2765 , 45 ,"http://radar.oreilly.com/2009/06/benefits-classical-education.html"
1282 , 4 ,"http://www.washingtonpost.com/opinions/how-republicans-lost-their-mind-democrats-lost-their-soul-and-washington-lost-its-appeal/2014/02/28/2ef5429c-9d89-11e3-9ba6-800d1192d08b_story.html"
547 , 4 ,"http://furiousdiaper.com/2014/05/14/hashtag-activism/"
133 , 6 ,"http://blog.foursquare.com/post/85826325458/swarm-is-ready-for-you-download-it-now"
454 , 4 ,"http://articles.latimes.com/1989-10-05/news/mn-913_1_soviet-union"
1721 , 3 ,"http://www.capgemini-consulting.com/digital-transformation-review-6"
877 , 23 ,"http://code2040.org/partners/"
582 , 8 ,"http://www.huffingtonpost.com/2013/02/20/meteorite-map-impact-site-space-rock_n_2725132.html"
135 , 83 ,"http://theoatmeal.com/comics/tesla_model_s"
225 , 3 ,"https://medium.com/the-nib/san-franciscos-class-war-by-the-numbers-700c51a43a4"
2368 , 4 ,"http://spectrum.ieee.org/biomedical/devices/building-mindcontrolled-gadgets-just-got-easier"
212 , 94 ,"http://www.teslamotors.com/blog/all-our-patent-are-belong-you"
402 , 129 ,"http://www.theguardian.com/world/2014/feb/19/high-court-ruling-on-david-miranda-heathrow-detention-live-coverage"
2598 , 4 ,"http://www.exploratorium.edu/visit/calendar/soundscapes-frequent-sea"
41 , 54 ,"http://www.slate.com/blogs/future_tense/2014/08/15/shark_attacks_threaten_google_s_undersea_internet_cables_video.html"
524 , 12 ,"http://nogunsallowedmovement.tumblr.com/"
2309 , 26 ,"http://radar.oreilly.com/2010/08/operations-as-the-secret-sauce.html"
1904 , 5 ,"http://www.nextgov.com/cloud-computing/2014/02/how-outfox-broken-procurement-system-and-other-digital-government-lessons-uk/78803/"
60 , 72 ,"https://medium.com/@aaln/how-to-find-your-uber-passenger-rating-4aa1d9cc927f"
559 , 33 ,"http://www.wired.com/2014/06/eric-brewer-google-docker/"
355 , 19 ,"http://techcrunch.com/2014/08/05/opensignal-series-a/"
1114 , 3 ,"http://vint.sogeti.com/internet-things-tinkering-kit-10-necessary-tools-tips/"
1911 , 13 ,"http://www.slideshare.net/timoreilly/ted-x-marketstreet"
868 , 15 ,"http://geeksta.net/geeklog/exploring-expressions-emotions-github-commit-messages/"
1205 , 38 ,"http://www.whitehouse.gov/blog/2014/08/11/delivering-customer-focused-government-through-smarter-it"
520 , 13 ,"http://www.huffingtonpost.com/2014/05/24/ucsb-shooting-guns-nra_n_5386873.html"
349 , 13 ,"http://www.slideshare.net/timoreilly/lessons-from-a-career-marketing-big-ideas-27108415"
2437 , 4 ,"http://edge.org/conversation/on-kahneman"
567 , 13 ,"http://www.theatlantic.com/politics/archive/2013/03/how-groups-like-the-nra-captured-congress-and-how-to-take-it-back/273623/"
27 , 4 ,"http://blog.ted.com/2014/08/29/need-help-ask-aunt-bertha-erine-gray-helps-people-in-need-find-social-services-in-their-area/"
6028 , 183 ,"http://riskybusiness.org"
8 , 3 ,"http://www.slideshare.net/timoreilly/by-people-for-people-39200380"
1202 , 3 ,"http://christyheyob.com/2014/06/17/were-losing-all-our-strong-female-characters-to-trinity-syndrome/"
2402 , 3 ,"https://medium.com/@stevenlevy/im-moving-to-medium-6869c0e3262c"
366 , 11 ,"http://www.wired.com/2014/05/the-weird-wild-world-of-citizen-science-is-already-here/"
387 , 20 ,"http://radar.oreilly.com/2013/09/how-i-failed.html#.UvlnaZT0z6s.twitter"
149 , 16 ,"http://www.whitehouse.gov/blog/2014/05/01/findings-big-data-and-privacy-working-group-review"
55 , 3 ,"https://www.eviscerati.org/articles/2014/08/Amazon-v-Hatchette-Everyone-Wrong-Me"
601 , 68 ,"http://www.slate.com/articles/business/books/2013/02/william_janeway_s_doing_capitalism_in_the_innovation_economy_reviewed.html"
182 , 6 ,"http://www.theatlantic.com/technology/archive/2014/03/in-defense-of-google-flu-trends/359688/"
229 , 125 ,"http://www.whitehouse.gov/blog/2014/05/06/taking-action-attract-world-s-top-talented-professionals"
1977 , 4 ,"http://foxtrotalpha.jalopnik.com/a-drone-shows-you-4th-of-july-fireworks-like-youve-neve-1600412194/+matthardigree"
143 , 40 ,"http://www.thisiscolossal.com/2014/05/color-book/"
92 , 19 ,"http://www.theatlantic.com/business/archive/2014/07/why-do-other-rich-nations-spend-so-much-less-on-healthcare/374576/"
63 , 3 ,"http://www.vox.com/2014/7/24/5933383/ryan-poverty-plan-democrats"
-1 , 3 ,"https://plus.google.com/+JeffJarvis/posts/g8rJxjPUFFz"
239 , 6 ,"http://cacm.acm.org/magazines/2014/2/171674-should-everybody-learn-to-code/fulltext"
2564 , 44 ,"http://www.cnn.com/2014/04/09/opinion/liu-income-inequality/index.html"
5283 , 165 ,"http://www.precisionplanting.com/"
203 , 4 ,"http://www.eventbrite.com/e/solid-local-in-boston-software-hardware-everywhere-registration-10023581803"
980 , 76 ,"https://materialsproject.org/"
321 , 4 ,"http://billmoyers.com/segment/preview-no-escaping-dragnet-nation/"
1727 , 14 ,"http://www.atlasobscura.com/places/the-sunken-city-of-baia"
232 , 18 ,"http://www.businessinsider.com/chart-of-defense-spending-by-country-2014-2"
133 , 3 ,"http://thedailyshow.cc.com/extended-interviews/nkja04/david-rose-extended-interview"
107 , 4 ,"http://www.breakingnews.com/topic/incident-at-reynolds-high-school-in-oregon-june-10-2014/"
217 , 5 ,"http://www.asymco.com/2014/02/20/the-price-is-right/"
128 , 4 ,"http://datascienceatthecommandline.com/"
1757 , 5 ,"http://terrain.org/2012/unsprawl/serenbe/"
70 , 3 ,"http://www.businessweek.com/articles/2014-07-17/tech-investor-shervin-pishevar-launches-new-vc-firm-sherpaventures"
16 , 5 ,"http://boingboing.net/2014/09/10/catalan-separatists-plan-large.html"
104 , 31 ,"http://techcrunch.com/2014/06/13/fab-coms-david-lapter-joins-makespace-as-cfo/"
374 , 90 ,"http://www.theatlantic.com/health/archive/2014/03/doctors-1-source-for-healthcare-information-wikipedia/284206/"
421 , 1002 ,"http://www.theguardian.com/us"
205 , 56 ,"http://betaboston.com/news/2014/03/05/a-vast-hidden-surveillance-network-runs-across-america-powered-by-the-repo-industry/"
4619 , 3 ,"http://www.virgin.com/entrepreneur/the-myth-of-the-lone-genius-with-the-silver-bullet"
1356 , 37 ,"https://www.restorationhardware.com/customer-service/catalog-cancellation.jsp"
240 , 7 ,"http://boingboing.net/2014/02/13/tell-the-irs-that-mountains-of.html"
1699 , 3 ,"http://www.technologyreview.com/news/524966/after-microsoft-deal-whats-left-of-nokia-will-bet-on-internet-of-things/"
229 , 5 ,"http://www.technologyreview.com/review/524451/genome-surgery/"
3694 , 3 ,"http://ross.karchner.com/some-tips-for-safari-flow/"
1552 , 33 ,"http://appleinsider.com/articles/14/02/18/apple-patents-sensor-packed-health-monitoring-headphones-with-head-gesture-control"
240 , 8 ,"http://nickgrossman.is/post/85128984454/defending-the-open-internet"
1151 , 6 ,"http://strataconf.com/strata2015"
617 , 19 ,"http://motherboard.vice.com/blog/what-150-of-the-worlds-smartest-scientists-are-worried-about"
1788 , 3 ,"http://blog.longnow.org/02014/09/03/drew-endy-seminar-primer/"
2425 , 11 ,"http://www.modernluxury.com/san-francisco/story/the-benioff-doctrine"
220 , 3 ,"https://medium.com/@quinnnorton/twitter-i-love-you-but-youre-bringing-me-down-96f86c76b9d6"
454 , 6 ,"http://www.aei-ideas.org/2014/04/creative-destruction-2013-newspaper-ad-revenue-continued-its-precipitous-free-fall-and-its-probably-not-over-yet/"
878 , 20 ,"http://solidcon.com/solid2014/public/cfp/321"
443 , 3 ,"https://peerj.com/articles/434/"
205 , 4 ,"http://www.idgconnect.com/abstract/5833/the-rising-amazed-innovation-middle-east"
188 , 3 ,"http://CitizenOnboard.com/"
2643 , 4 ,"http://spectrum.ieee.org/geek-life/profiles/leila-madrone-solar-energy-roboticist"
566 , 8 ,"http://ecorner.stanford.edu/authorMaterialInfo.html?mid=3054"
223 , 5 ,"http://www.theatlantic.com/magazine/archive/2014/03/get-ready-to-roboshop/357569/"
115 , 7 ,"https://www.techdirt.com/articles/20140602/05510527434/john-oliver-stop-calling-it-net-neutrality-its-preventing-cable-company-fkery.shtml"
422 , 26 ,"https://play.google.com/store/apps/details?id=com.timehop"
264 , 14 ,"http://rideonewheel.com/"
1082 , 7 ,"http://www.brainpickings.org/index.php/2014/03/06/italo-calvino-procrastination/"
52 , 80 ,"http://newsoffice.mit.edu/2014/algorithm-recovers-speech-from-vibrations-0804"
15 , 10 ,"http://www.citylab.com/cityfixer/2014/09/why-the-people-in-charge-of-transit-systems-should-be-required-to-actually-ride-transit/379931/"
105 , 9 ,"http://www.theverge.com/2014/6/12/5804070/the-amazing-animation-software-behind-how-to-train-your-dragon-2"
1424 , 3 ,"https://medium.com/@matthewstoller/5-reasons-for-the-zephyr-teachout-phenomenon-and-5-reasons-andrew-cuomo-will-still-be-governor-8eeb3fc1ec22"
199 , 25 ,"http://www.theverge.com/2014/3/13/5488558/danah-boyd-interview-the-era-of-facebook-is-an-anomaly"
100 , 10 ,"http://www.whitehouse.gov/blog/2014/06/18/president-obama-white-house-maker-faire-today-s-diy-tomorrow-s-made-america"
865 , 10 ,"http://www.bbc.com/news/entertainment-arts-28581726"
43 , 3 ,"http://techpresident.com/news/25239/new-us-digital-service-looks-avoid-it-catastrophes"
117 , 4 ,"http://www.technologyreview.com/featuredstory/528131/cracking-the-brains-codes/"
309 , 4 ,"http://fluentconf.com/fluent2014/public/schedule/presentations?cmp=tw-prog-confreg-info-fl14_promoted_tweet"
4 , 3 ,"http://www.jwz.org/blog/2014/09/why-we-believe-apple/"
259 , 88 ,"http://www.forbes.com/sites/kateharrison/2014/01/09/the-best-startup-advice-from-14-tech-heroes/"
799 , 13 ,"http://www.slideshare.net/timoreilly/lessons-for-the-industrial-internet-pdf-with-notes"
168 , 176 ,"http://www.nybooks.com/articles/archives/2014/may/08/thomas-piketty-new-gilded-age/"
254 , 4 ,"http://schedule.sxsw.com/2014/events/event_IAP22663"
198 , 13 ,"http://www.whitehouse.gov/blog/2014/03/11/geeksgetcovered"
174 , 10 ,"http://www.ft.com/cms/s/2/f2eaf634-baca-11e3-8b15-00144feabdc0.html#axzz2yD5DQnoz"
853 , 20 ,"http://time.com/2992705/when-man-met-moon/"
1945 , 7 ,"http://www.brainpickings.org/index.php/2014/02/11/brockman-what-should-we-be-worried-about/"
163 , 22 ,"https://www.kickstarter.com/projects/fon/gramofon-modern-cloud-jukebox"
1973 , 4 ,"http://www.rollingstone.com/culture/news/bill-gates-the-rolling-stone-interview-20140313?print=true"
912 , 15 ,"http://pando.com/2014/02/21/the-problem-with-whatsapps-privacy-boasts-theyre-not-true/"
897 , 12 ,"http://pando.com/2014/06/02/three-of-the-largest-tech-acquisitions-in-2014-are-hardware-companies/"
274 , 4 ,"http://www.techradar.com/news/phone-and-communications/mobile-phones/sensory-overload-how-your-smartphone-is-becoming-part-of-you-1210244"
400 , 5 ,"http://blogs.barrons.com/incomeinvesting/2014/05/23/barclays-downgrades-electric-utility-bonds-sees-viable-solar-competition/"
855 , 48 ,"http://www.whitehouse.gov//innovationfellows/projects#section-round-3"
92 , 5 ,"http://blog.instagram.com/post/91945904737/thatpipeagain"
103 , 12 ,"http://www.wired.com/2014/08/healthcare-gov/"
-1 , 9 ,"http://solidcon.com/solid2014/public/content/tweet-chat?cmp=tw-na-confreg-info-sld14_#iotchat_tweet_event_april_9"
989 , 4 ,"http://www.oreilly.com/solid/free/building-a-solid-world.csp"
382 , 3 ,"http://radar.oreilly.com/2013/09/data-analysis-just-one-component-of-the-data-science-workflow.html"
2 , 9 ,"http://www.bbc.com/news/world-us-canada-29310475"
66 , 21 ,"http://www.theguardian.com/science/brain-flapping/2014/jul/21/famous-science-history-twitter-humour"
141 , 7 ,"http://www.fastcoexist.com/3029423/this-sleek-commuter-bike-has-a-secret-you-hardly-have-to-pedal"
30 , 4 ,"http://makezine.com/2014/08/26/behind-the-scenes-the-build-at-burning-man/"
301 , 14 ,"http://www.theatlantic.com/features/archive/2014/02/american-aqueduct-the-great-california-water-saga/284009/"
900 , 16 ,"http://radar.oreilly.com/2012/11/investigating-data-journalism.html"
21 , 6 ,"https://plus.google.com/events/c0s9a64ic09egcmah3betkcmjmo"
1555 , 3 ,"http://pirategrunt.com/2014/02/01/an-idiot-learns-bayesian-analysis-part-2/"
482 , 27 ,"http://www.oreilly.com/biocoder/"
78 , 3 ,"http://fredrikdeboer.com/2014/07/09/chasing-skills-is-a-bad-bet-and-bad-policy/"
2367 , 14 ,"http://seriouspony.com/blog/2013/7/24/your-app-makes-me-fat"
89 , 3 ,"http://www.codeforamerica.org/blog/2014/06/28/john-stewart-youre-getting-your-wish/"
4984 , 3 ,"http://animals.oreilly.com/interview-alasdair-davies/"
614 , 117 ,"http://www.urbanobservatory.org"
2236 , 23 ,"http://pando.com/2014/03/20/on-indiegogo-a-miracle-health-device-raises-730k-and-a-whole-load-of-red-flags/"
375 , 15 ,"http://thehealthcareblog.com/blog/2013/09/15/give-us-our-damn-lab-results/"
549 , 25 ,"http://www.bbc.com/news/magazine-27186709"
543 , 16 ,"http://makezine.com/2014/05/15/first-look-at-the-new-arduino-zero/"
38 , 3 ,"http://www.businessinsider.com/why-do-us-police-kill-so-many-people-2014-8"
267 , 4 ,"http://occupywallstreet.net/story/explaining-white-privilege-broke-white-person"
4984 , 102 ,"http://www.kclibrary.org/?q=community-bookshelf"
503 , 24 ,"http://qz.com/216609/netflixs-video-error-message-is-a-clever-attack-on-cable-companies/"
1399 , 3 ,"http://news.yahoo.com/american-police-departments-losing-tons-military-grade-weaponry-174620174.html"
10 , 11 ,"http://theweek.com/article/index/268131/how-this-one-independent-candidate-from-kansas-could-end-up-ruling-the-senate"
610 , 95 ,"https://www.liftlabsdesign.com/"
234 , 115 ,"http://www.whitehouse.gov/blog/2014/02/03/announcing-first-white-house-maker-faire"
1278 , 11 ,"http://www.azlyrics.com/lyrics/bastille/pompeii.html"
252 , 27 ,"http://www.whitehouse.gov/blog/2014/01/23/big-data-and-future-privacy"
2246 , 3 ,"https://chrome.google.com/webstore/detail/search-plus/cdpohbejnbclggljmoijjcpdhbaaijfm"
460 , 1002 ,"https://www.healthcare.gov/"
469 , 19 ,"http://shop.oreilly.com/product/0636920030584.do"
835 , 7 ,"https://peerj.com/about/careers/"
1719 , 5 ,"http://www.greentechmedia.com/articles/read/an-airbnb-or-uber-for-the-electricity-grid"
204 , 4 ,"http://www.washingtonpost.com/opinions/henry-kissinger-to-settle-the-ukraine-crisis-start-at-the-end/2014/03/05/46dad868-a496-11e3-8466-d34c451760b9_story.html"
788 , 4 ,"http://www.aspenideas.org/live"
306 , 7 ,"http://www.fastcolabs.com/3026669/can-these-consumer-apps-crack-the-education-space"
96 , 19 ,"http://www.newyorker.com/magazine/2014/06/23/get-out-of-jail-inc"
8 , 7 ,"http://www.theatlantic.com/business/archive/2014/09/science-tells-you-how-many-minutes-should-you-take-a-break-for-work-17/380369/"
17 , 3 ,"https://www.kickstarter.com/projects/324375300/vest-a-sensory-substitution-neuroscience-project"
97 , 19 ,"http://gizmodo.com/wile-away-your-friday-by-designing-your-own-fantasy-tra-1593813740"
243 , 4 ,"http://monocle.com/radio/shows/the-urbanist/119/"
784 , 36 ,"http://www.theguardian.com/sustainable-business/michael-porter-health-happiness-index"
654 , 3 ,"http://www.accountingtoday.com/news/government_news/tech-companies-concerned-about-legislation-to-limit-xbrl-filing-70771-1.html"
1034 , 6 ,"http://recode.net/2014/02/26/what-health-care-can-learn-from-amazon/"
491 , 4 ,"http://teachinghumans.com/maker-culture-as-a-learning-model/"
231 , 4 ,"http://sunlightfoundation.com/blog/2014/02/06/codeacross-is-here/"
77 , 15 ,"http://www.truth-out.org/news/item/24876-monsantos-herbicide-linked-to-fatal-kidney-disease-epidemic-will-ckdu-topple-monsanto"
2049 , 1002 ,"http://www.whitehouse.gov/live"
1561 , 6 ,"http://www.life.org.uk/whats-on/maker-faire-uk-2014#.U1kTTlVdWSq"
283 , 34 ,"https://medium.com/message/the-secret-of-minecraft-97dfacb05a3c"
209 , 77 ,"http://www.theguardian.com/commentisfree/2014/feb/28/snowden-privacy-products-trustycon-2014"
658 , 7 ,"http://www.dezeen.com/2014/05/08/3d-printers-have-a-lot-to-learn-from-the-sewing-machine/"
487 , 34 ,"http://www.wired.com/2014/06/healthcare-gov-revamp/"
255 , 103 ,"https://www.data.gov/climate/"
1978 , 12 ,"http://www.cnbc.com/id/101348398"
2284 , 12 ,"https://www.youtube.com/watch?v=VOYj6NJz-VA"
55 , 28 ,"https://www.youtube.com/watch?v=i83OoWiZl10"
2527 , 4 ,"http://radar.oreilly.com/2014/06/cloud-security-is-not-an-oxymoron-2.html"
169 , 337 ,"http://mashable.com/2014/04/09/heartbleed-bug-websites-affected/#:eyJzIjoidCIsImkiOiJfY3BvdzM2cTRwemt1YjlybCJ9"
136 , 4 ,"http://continuations.com/post/85518392495/now-is-the-time-for-all-good-engineers-and-scientists"
1946 , 10 ,"http://www.theguardian.com/books/2013/jun/06/john-green-never-self-publish"
1391 , 20 ,"http://websummit.net/speakers"
826 , 6 ,"http://www.consumerfinance.gov/jobs/technology-innovation-fellows/"
6 , 3 ,"http://mcfunley.com/data-driven-products-now"
3827 , 24 ,"http://www.oreillynet.com/pub/a/oreilly/tim/articles/buy_where_shop.html"
147 , 4 ,"http://e-pluribusunum.com/2014/05/01/pcast-report-on-big-data-and-privacy-to-emphasize-value-of-encryption-need-for-policy/"
204 , 7 ,"http://motherboard.vice.com/read/commercial-drones-are-completely-legal-a-federal-judge-ruled"
1468 , 4 ,"http://techcrunch.com/2014/09/16/fastly-growing-quickly-snags-40m-as-vcs-give-generously/"
330 , 3 ,"http://www.commonwealthclub.org/events/2014-01-28/erik-brynjolfsson-and-andrew-mcafee-second-machine-age"
1552 , 4 ,"http://www.newyorker.com/tech/elements/why-the-climate-corporation-sold-itself-to-monsanto"
35 , 8 ,"http://www.vox.com/2014/8/21/6053819/white-house-cybersecurity-czar-brags-about-his-lack-of-technical"
1832 , 17 ,"http://venturebeat.com/2014/03/21/turkeys-twitter-ban-backfires-tweets-up-138-vpn-usage-up-topic-trends/"
1819 , 7 ,"http://www.knightfoundation.org/media/uploads/publication_pdfs/knight-civic-tech.pdf"
1766 , 31 ,"http://slatestarcodex.com/2014/04/28/the-control-group-is-out-of-control/"
231 , 6 ,"http://www.theatlantic.com/technology/archive/2014/02/our-rover-on-mars-looked-into-the-sky-and-saw-earth/283652/"
1165 , 7 ,"http://blog.longnow.org/02014/02/28/enobooks/"
205 , 9 ,"http://www.forbes.com/sites/gregsatell/2014/03/04/5-important-facts-that-the-western-press-is-getting-terribly-wrong-in-ukraine/"
678 , 37 ,"http://www.whitehouse.gov/blog/2014/03/06/presidential-innovation-fellows-round-3-serve-create-innovate"
31 , 14 ,"http://www.citylab.com/crime/2014/08/where-more-americans-die-at-the-hands-of-police/379067/"
37 , 3 ,"http://vimeo.com/104144890"
93 , 49 ,"http://www.businessweek.com/articles/2014-06-24/googles-sundar-pichai-king-of-android-master-of-mobile-profile"
555 , 5 ,"http://radar.oreilly.com/2014/02/why-solid-why-now.html"
173 , 9 ,"http://www.vox.com/2014/4/11/5602188/the-secs-just-been-caught-colluding-with-the-banks-its-supposed-to"
2605 , 5 ,"http://www.sci-news.com/biology/science-asian-elephants-distress-01771.html"
938 , 25 ,"http://www.cvshealth.com/research-insights/health-topics/this-is-the-right-thing-to-do"
206 , 3 ,"http://www.washingtonpost.com/blogs/monkey-cage/wp/2014/08/25/americans-dont-like-protests-but-protests-may-work-anyway/"
362 , 7 ,"http://e-pluribusunum.com/2013/09/28/hedge-fund-use-of-government-data-for-business-intelligence-shows-where-the-value-is/"
